Expedia ID,Name,Regulatory Compliant,Images,Number of Bedrooms,Number of Bathrooms,Active Products
102337387,The Wembley Park Gem - Lovely 2BDR Flat with Balcony,N/A,TRUE,TRUE,TRUE,TRUE
102374201,Da Tomy Cozy Apartment Cala Gonone,N/A,TRUE,TRUE,TRUE,TRUE
102324425,VILAMOURA BRIGHTNESS VILLA WITH POOL,TRUE,TRUE,TRUE,TRUE,TRUE
102372567,Italianway - Merlo 1 D,TRUE,TRUE,TRUE,TRUE,TRUE
102372565,Italianway - Martinetti 21 B,TRUE,TRUE,TRUE,TRUE,TRUE
102372564,Cozy apartment in Florence  Vittorio Emanuele,N/A,TRUE,TRUE,TRUE,TRUE
102341222,Villa Margherita in Amalfi,N/A,TRUE,TRUE,TRUE,TRUE
102337395,Sant   Alfonso 5 in Francavilla al Mare,TRUE,TRUE,TRUE,TRUE,TRUE
102337392,Italianway - Torino 57 B,TRUE,TRUE,TRUE,TRUE,TRUE
102314737,Vista Suite - 3 Bed Apartment - Ocean Breeze,N/A,TRUE,TRUE,TRUE,TRUE
102314232,DXB - Address Dubai Marina - 3308 - DM,N/A,TRUE,TRUE,TRUE,TRUE
102427130,Station Skyline One   By My Getaways,N/A,TRUE,TRUE,TRUE,TRUE
102337386,The Wembley Park Wonder - Charming 2BDR Flat with Balcony,N/A,TRUE,TRUE,TRUE,TRUE
102337385,The Wembley Park Retreat - Modern 2BDR Flat with Balcony,N/A,TRUE,TRUE,TRUE,TRUE
102396107,Villa Donatori in Lesmo,TRUE,TRUE,TRUE,TRUE,TRUE
102337393,Villa Ai Venti 8  Emma Villas,N/A,TRUE,TRUE,TRUE,TRUE
102352877,Park Place Court 2 - Close to Beach,N/A,TRUE,TRUE,TRUE,TRUE
102396110,Newton s Cradle -  Seafront  Close to Beach,N/A,TRUE,TRUE,TRUE,TRUE
102276994,Villa Olivella in Sale Marasino,TRUE,TRUE,TRUE,TRUE,TRUE
102427269,Visitsicilia Magenta Mare,TRUE,TRUE,TRUE,TRUE,TRUE
102322021,TAVIRA TRADITIONAL VILLA by HOMING,TRUE,TRUE,TRUE,TRUE,TRUE
102372569,Italianway - Merlo 1 E,TRUE,TRUE,TRUE,TRUE,TRUE
102372566,Italianway - Merlo 1 F,TRUE,TRUE,TRUE,TRUE,TRUE
102296676,Luna Rossa - Lineart by Madeira Sun Travel,TRUE,TRUE,TRUE,TRUE,TRUE
102358019,Regal 3BR Maid w  Burj Khalifa View Balcony,N/A,TRUE,TRUE,TRUE,TRUE
102299430,Villa Vanessa in Positano,N/A,TRUE,TRUE,TRUE,TRUE
102314727,Villa Donna Eleonora - Alloggio Corallo,TRUE,TRUE,TRUE,TRUE,TRUE
102314718,Europa 29     Trilocale Manhattan,N/A,TRUE,TRUE,TRUE,TRUE
102276993,3 Bedroom Holiday Home - Town Heights - Tenby,N/A,TRUE,TRUE,TRUE,TRUE
102276992,Italianway - Tadino 13 B,TRUE,TRUE,TRUE,TRUE,TRUE
102276991,Italianway - Benaco 24,TRUE,TRUE,N/A,TRUE,TRUE
102337396,Borgo Marino sud - YourPlace Abruzzo,TRUE,TRUE,TRUE,TRUE,TRUE
102296674,Luna Rossa - Gazebo Bay by Madeira Sun Travel,TRUE,TRUE,TRUE,TRUE,TRUE
102277003,La casa nel villaggio,TRUE,TRUE,TRUE,TRUE,TRUE
102314716,The Wembley Park Sanctuary - Stunning 2BDR Flat with Balcony,N/A,TRUE,TRUE,TRUE,TRUE
102379432,Chic Beachside 3BR Living at the Palm,N/A,TRUE,TRUE,TRUE,TRUE
102296680,Luna Rossa - Artcooking by Madeira Sun Travel,TRUE,TRUE,TRUE,TRUE,TRUE
102314803,Relax   Recharge  Burj Khalifa View Studio,N/A,TRUE,N/A,TRUE,TRUE
102314736,Il Vento del Sud - Italian Homing,TRUE,TRUE,TRUE,TRUE,TRUE
102314726,Villa Donna Eleonora - Alloggio Geco,TRUE,TRUE,N/A,TRUE,TRUE
102314725,Villa Donna Eleonora - Alloggio Cavalluccio Marino ,TRUE,TRUE,TRUE,TRUE,TRUE
102314724,Villa Donna Eleonora - Alloggio Stella Marina,TRUE,TRUE,TRUE,TRUE,TRUE
102427129,Station Skyline Two   By My Getaways,N/A,TRUE,TRUE,TRUE,TRUE
102396111,Legnano 20 in Ospiate,TRUE,TRUE,TRUE,TRUE,TRUE
102277004,San Luigi 21 by Tempovacanza,N/A,TRUE,TRUE,TRUE,TRUE
102314717,The Wembley Park Corner - Classy 2BDR Flat with Balcony,N/A,TRUE,TRUE,TRUE,TRUE
102314715,The Wembley Park Secret - Spacious 3BDR Flat with Terrace,N/A,TRUE,TRUE,TRUE,TRUE
102409104,Brignole de Ferrari - 401,N/A,TRUE,TRUE,TRUE,TRUE
97309354,Gorgeous Space in Moose Jaw  Coffee Parking 4k Smart TV,N/A,TRUE,TRUE,TRUE,TRUE
102430257,Stunning 1 Bed Apt minutes from Bham City Centre ,N/A,FALSE,TRUE,TRUE,TRUE
102427136,Villa Ristola 6  Emma Villas,TRUE,FALSE,TRUE,TRUE,TRUE
102427132,Park Place - 2 Bedroom Apartment - Tenby,N/A,FALSE,TRUE,TRUE,TRUE
102427134,Chalet Walser 4 2  Emma Villas,TRUE,FALSE,TRUE,TRUE,TRUE
102427137,Villa Giulia Liberty 8  Emma Villas,TRUE,FALSE,TRUE,TRUE,TRUE
102427135,Casale La Splendida 10  Emma Villas,N/A,FALSE,TRUE,TRUE,TRUE
102413091,Executive Studio at Upside Living   Business Travel Ready ,N/A,FALSE,N/A,TRUE,TRUE
102409098,Brignole de Ferrari - 406,N/A,FALSE,TRUE,TRUE,TRUE
102427131,Hanbury 10 in Alassio,N/A,FALSE,TRUE,TRUE,TRUE
102378127,Detached cottage overlooking lake in Connemara,FALSE,TRUE,TRUE,TRUE,TRUE
102378142,Detached 4 bedroom home just 2km from Kenmare,FALSE,TRUE,TRUE,TRUE,TRUE
102378126,Cosy two bedroom lodge on the edge of Raheen Woods,FALSE,TRUE,TRUE,TRUE,TRUE
102396103,Mear Luxury Suite - The Ultimate Summer Nest,FALSE,TRUE,TRUE,TRUE,TRUE
102286745,Villa Thalia by Meganisi Sunset Luxury Villas,FALSE,TRUE,TRUE,TRUE,TRUE
102276995,Villa Christy by Whitelist Mykonos,FALSE,TRUE,TRUE,TRUE,TRUE
102396101,Mear Garden Studio - Cozy Creatan Gem,FALSE,TRUE,TRUE,TRUE,TRUE
102396100,Mear Double Luxury - Cretan Sunny Nest,FALSE,TRUE,TRUE,TRUE,TRUE
102396097,Mear Holiday Home - Cozy Summer Getaway,FALSE,TRUE,TRUE,TRUE,TRUE
102396104,Mear Family Escape - Summer Cretan Gem,FALSE,TRUE,TRUE,TRUE,TRUE
102378123,Bright  modern  welcoming home easy stroll along pathway into Kenmare town,FALSE,TRUE,TRUE,TRUE,TRUE
102396102,Mear Luxury Studio - Crete Summer Nest,FALSE,TRUE,TRUE,TRUE,TRUE
102337389,Sky 7 View Apartment,FALSE,TRUE,TRUE,TRUE,TRUE
102337388,Canyon 2 villa with private pool,FALSE,TRUE,TRUE,TRUE,TRUE
102314721,Casa Carbone - Vista Mare e Ampio Giardino,FALSE,TRUE,TRUE,TRUE,TRUE
102396099,Mear Cozy Double Nest - Summer Creatan Gem,FALSE,TRUE,TRUE,TRUE,TRUE
102337390,Pananos Sq   House I,FALSE,TRUE,TRUE,TRUE,TRUE
102337391,Pananos Sq  House II,FALSE,TRUE,TRUE,TRUE,TRUE
102372563,The North Notting Hill Crib -  Bright 1BDR Flat,FALSE,TRUE,TRUE,TRUE,TRUE
102372562,The Putney Escape -  Trendy 2BDR Flat with Terrace   Parking,FALSE,TRUE,TRUE,TRUE,TRUE
102430267,The Quartz Quarters of New Orleans,FALSE,FALSE,TRUE,TRUE,TRUE
102430265,Cerulean Antique Abode w  Pool,FALSE,FALSE,TRUE,TRUE,TRUE
102430259,Chic Canal Street Retreat,FALSE,FALSE,TRUE,TRUE,TRUE
102430262,The Streetcar Sanctuary,FALSE,FALSE,TRUE,TRUE,TRUE
102314713,Peacefully Portobello,FALSE,FALSE,TRUE,TRUE,FALSE
102314705,Artist s Gaze in London,FALSE,FALSE,TRUE,TRUE,FALSE
