Property Manager,Expedia ID,SF ACC ID
designedvr,44323134,0010y00001bIyqRAAS
designedvr,22182474,0010y00001bIyqRAAS
WeRentRentals,117899248,0010y00001emxt5AAA
WeRentRentals,117899330,0010y00001emxt5AAA
WeRentRentals,117899262,0010y00001emxt5AAA
WeRentRentals,117912249,0010y00001emxt5AAA
WeRentRentals,117912247,0010y00001emxt5AAA
WeRentRentals,117912248,0010y00001emxt5AAA
WeRentRentals,117968696,0010y00001emxt5AAA
WeRentRentals,117968697,0010y00001emxt5AAA
WeRentRentals,117968693,0010y00001emxt5AAA
WeRentRentals,118055600,0010y00001emxt5AAA
WeRentRentals,118055597,0010y00001emxt5AAA
WeRentRentals,118055598,0010y00001emxt5AAA
WeRentRentals,118130905,0010y00001emxt5AAA
VTrips-TaylorMade,111212763,0018b00001wAhokAAC
VTrips-TaylorMade,76009531,0018b00001wAhokAAC
VTrips-TaylorMade,109716385,0018b00001wAhokAAC
VTrips-TaylorMade,111212858,0018b00001wAhokAAC
VTrips-TaylorMade,111212683,0018b00001wAhokAAC
VTrips-TaylorMade,109716360,0018b00001wAhokAAC
VTrips-TaylorMade,111212681,0018b00001wAhokAAC
VTrips-TaylorMade,111212682,0018b00001wAhokAAC
VTrips-TaylorMade,111212840,0018b00001wAhokAAC
VTrips-TaylorMade,109716339,0018b00001wAhokAAC
VTrips-Southern,78073376,0010y00001ZnB3IAAV
VTrips-Southern,117768716,0010y00001ZnB3IAAV
VTrips-Southern,117768369,0010y00001ZnB3IAAV
VTrips-Southern,117768656,0010y00001ZnB3IAAV
VTrips-Southern,117768708,0010y00001ZnB3IAAV
VTrips-Southern,117769361,0010y00001ZnB3IAAV
VTrips-Southern,117769336,0010y00001ZnB3IAAV
VTrips-Southern,117768796,0010y00001ZnB3IAAV
VTrips-Southern,117768648,0010y00001ZnB3IAAV
VTrips-Southern,117768640,0010y00001ZnB3IAAV
VTrips-Southern,117976567,0010y00001ZnB3IAAV
VTrips-Southern,117768323,0010y00001ZnB3IAAV
VTrips-Southern,117768763,0010y00001ZnB3IAAV
VTrips-Southern,118006629,0010y00001ZnB3IAAV
VTrips-Southern,118006623,0010y00001ZnB3IAAV
VTrips-Southern,118006620,0010y00001ZnB3IAAV
VTrips-Southern,118006618,0010y00001ZnB3IAAV
VTrips-Southern,118006617,0010y00001ZnB3IAAV
VTrips-Southern,118006613,0010y00001ZnB3IAAV
VTrips-Southern,118006614,0010y00001ZnB3IAAV
VTrips-Southern,118006609,0010y00001ZnB3IAAV
VTrips-Southern,117768701,0010y00001ZnB3IAAV
VTrips-Southern,117768407,0010y00001ZnB3IAAV
VTrips-Southern,117768458,0010y00001ZnB3IAAV
VTrips-Southern,117768451,0010y00001ZnB3IAAV
VTrips-Southern,117768744,0010y00001ZnB3IAAV
VTrips-Southern,117769005,0010y00001ZnB3IAAV
VTrips-Southern,117768968,0010y00001ZnB3IAAV
VTrips-Southern,117768450,0010y00001ZnB3IAAV
VTrips-Southern,117768760,0010y00001ZnB3IAAV
VTrips-Southern,117830298,0010y00001ZnB3IAAV
VTrips-Southern,118005033,0010y00001ZnB3IAAV
VTrips-Southern,117768287,0010y00001ZnB3IAAV
VTrips-Southern,117768751,0010y00001ZnB3IAAV
VTrips-Southern,117768745,0010y00001ZnB3IAAV
VTrips-Southern,117768340,0010y00001ZnB3IAAV
VTrips-Southern,117768928,0010y00001ZnB3IAAV
VTrips-Southern,117768402,0010y00001ZnB3IAAV
VTrips-Southern,118005015,0010y00001ZnB3IAAV
VTrips-Southern,117768383,0010y00001ZnB3IAAV
VTrips-Southern,118006639,0010y00001ZnB3IAAV
VTrips-Southern,117768886,0010y00001ZnB3IAAV
VTrips-Southern,117768675,0010y00001ZnB3IAAV
VTrips-Southern,117768659,0010y00001ZnB3IAAV
VTrips-Southern,117768750,0010y00001ZnB3IAAV
VTrips-Southern,117769454,0010y00001ZnB3IAAV
VTrips-Southern,117768718,0010y00001ZnB3IAAV
VTrips-Southern,117768192,0010y00001ZnB3IAAV
VTrips-Southern,117769429,0010y00001ZnB3IAAV
VTrips-Southern,117830469,0010y00001ZnB3IAAV
VTrips-Southern,117768447,0010y00001ZnB3IAAV
VTrips-Southern,117769405,0010y00001ZnB3IAAV
VTrips-Southern,117768257,0010y00001ZnB3IAAV
VTrips-Southern,117768226,0010y00001ZnB3IAAV
VTrips-Southern,117768845,0010y00001ZnB3IAAV
VTrips-Southern,117768430,0010y00001ZnB3IAAV
VTrips-Southern,117768449,0010y00001ZnB3IAAV
VTrips-Southern,117767595,0010y00001ZnB3IAAV
VTrips-Southern,117768820,0010y00001ZnB3IAAV
VTrips-Southern,117768165,0010y00001ZnB3IAAV
VTrips-Southern,117767596,0010y00001ZnB3IAAV
VTrips-Southern,117768137,0010y00001ZnB3IAAV
VTrips-Southern,117768743,0010y00001ZnB3IAAV
VTrips-Southern,117768066,0010y00001ZnB3IAAV
VTrips-Southern,117768448,0010y00001ZnB3IAAV
VTrips-Southern,117768420,0010y00001ZnB3IAAV
TertataJelasManagement,101757269,0018b00002YHtE5AAL
TertataJelasManagement,101756643,0018b00002YHtE5AAL
TertataJelasManagement,101756886,0018b00002YHtE5AAL
TertataJelasManagement,101738675,0018b00002YHtE5AAL
TertataJelasManagement,101620632,0018b00002YHtE5AAL
TertataJelasManagement,101757292,0018b00002YHtE5AAL
TertataJelasManagement,101536503,0018b00002YHtE5AAL
TertataJelasManagement,101756922,0018b00002YHtE5AAL
TertataJelasManagement,101757278,0018b00002YHtE5AAL
TertataJelasManagement,101757296,0018b00002YHtE5AAL
TertataJelasManagement,101757078,0018b00002YHtE5AAL
TertataJelasManagement,101757084,0018b00002YHtE5AAL
TertataJelasManagement,101603171,0018b00002YHtE5AAL
TertataJelasManagement,117783027,0018b00002YHtE5AAL
TertataJelasManagement,117783026,0018b00002YHtE5AAL
TEST,118083448,#N/A
TEST,117992340,#N/A
TEST,117950892,#N/A
SummitCountyMountainRetreats,117633628,0011A00001RAOfxQAH
SummitCountyMountainRetreats,117633627,0011A00001RAOfxQAH
StayUnique,117957544,0010y00001hrEFeAAM
SolmarVillasII,117723792,0010y00001dVj98AAC
RENTALLAKECOMOSRL,117751766,0010y00001c3MXvAAM
RENTALLAKECOMOSRL,117962509,0010y00001c3MXvAAM
QuaintCottages,117876226,0010y00001a3pYWAAY
QuaintCottages,117876224,0010y00001a3pYWAAY
QuaintCottages,117876205,0010y00001a3pYWAAY
QuaintCottages,21533173,0010y00001a3pYWAAY
QuaintCottages,117876225,0010y00001a3pYWAAY
QuaintCottages,117876227,0010y00001a3pYWAAY
QuaintCottages,117876199,0010y00001a3pYWAAY
QuaintCottages,117876207,0010y00001a3pYWAAY
QuaintCottages,117876217,0010y00001a3pYWAAY
QuaintCottages,117876202,0010y00001a3pYWAAY
QuaintCottages,117876204,0010y00001a3pYWAAY
QuaintCottages,117876218,0010y00001a3pYWAAY
QuaintCottages,117876201,0010y00001a3pYWAAY
QuaintCottages,117876214,0010y00001a3pYWAAY
QuaintCottages,117876223,0010y00001a3pYWAAY
QuaintCottages,117876213,0010y00001a3pYWAAY
QuaintCottages,117876219,0010y00001a3pYWAAY
QuaintCottages,117876221,0010y00001a3pYWAAY
QuaintCottages,117876220,0010y00001a3pYWAAY
QuaintCottages,117876216,0010y00001a3pYWAAY
QuaintCottages,117876208,0010y00001a3pYWAAY
QuaintCottages,117876209,0010y00001a3pYWAAY
QuaintCottages,117876200,0010y00001a3pYWAAY
QuaintCottages,117876222,0010y00001a3pYWAAY
QuaintCottages,117876212,0010y00001a3pYWAAY
QuaintCottages,117876210,0010y00001a3pYWAAY
QuaintCottages,117876234,0010y00001a3pYWAAY
QuaintCottages,117876239,0010y00001a3pYWAAY
QuaintCottages,117876228,0010y00001a3pYWAAY
QuaintCottages,117876229,0010y00001a3pYWAAY
QuaintCottages,117876240,0010y00001a3pYWAAY
QuaintCottages,117876235,0010y00001a3pYWAAY
QuaintCottages,117876231,0010y00001a3pYWAAY
QuaintCottages,117876236,0010y00001a3pYWAAY
QuaintCottages,117876238,0010y00001a3pYWAAY
QuaintCottages,117876233,0010y00001a3pYWAAY
QuaintCottages,117876237,0010y00001a3pYWAAY
QuaintCottages,117876230,0010y00001a3pYWAAY
QuaintCottages,117876247,0010y00001a3pYWAAY
QuaintCottages,117876245,0010y00001a3pYWAAY
QuaintCottages,117876242,0010y00001a3pYWAAY
QuaintCottages,117876241,0010y00001a3pYWAAY
QuaintCottages,117876246,0010y00001a3pYWAAY
QuaintCottages,117876338,0010y00001a3pYWAAY
QuaintCottages,117876243,0010y00001a3pYWAAY
QuaintCottages,117876244,0010y00001a3pYWAAY
OnefinestayGBP,117825340,0010y00001aGBRFAA4
OnefinestayGBP,117825338,0010y00001aGBRFAA4
OnefinestayGBP,117825341,0010y00001aGBRFAA4
OnefinestayGBP,117825342,0010y00001aGBRFAA4
OnefinestayGBP,117825345,0010y00001aGBRFAA4
OnefinestayGBP,117825343,0010y00001aGBRFAA4
OnefinestayGBP,117825337,0010y00001aGBRFAA4
OnefinestayGBP,117825336,0010y00001aGBRFAA4
OnefinestayGBP,117825335,0010y00001aGBRFAA4
OnefinestayGBP,117825334,0010y00001aGBRFAA4
OnefinestayGBP,117825339,0010y00001aGBRFAA4
OnefinestayGBP,117825346,0010y00001aGBRFAA4
MinnestayLLC,118097299,0010y00001cqurkAAA
MinnestayLLC,118097317,0010y00001cqurkAAA
MinnestayLLC,118097297,0010y00001cqurkAAA
MinnestayLLC,118097293,0010y00001cqurkAAA
MinnestayLLC,118097301,0010y00001cqurkAAA
MinnestayLLC,118097291,0010y00001cqurkAAA
MinnestayLLC,118097300,0010y00001cqurkAAA
MinnestayLLC,118097289,0010y00001cqurkAAA
MinnestayLLC,118097295,0010y00001cqurkAAA
MinnestayLLC,118097302,0010y00001cqurkAAA
MinnestayLLC,118097311,0010y00001cqurkAAA
MinnestayLLC,118097292,0010y00001cqurkAAA
MinnestayLLC,118097319,0010y00001cqurkAAA
MinnestayLLC,118097294,0010y00001cqurkAAA
MinnestayLLC,118097298,0010y00001cqurkAAA
MinnestayLLC,118097305,0010y00001cqurkAAA
MinnestayLLC,118097318,0010y00001cqurkAAA
MinnestayLLC,118097304,0010y00001cqurkAAA
MinnestayLLC,39643340,0010y00001cqurkAAA
MinnestayLLC,118097296,0010y00001cqurkAAA
MinnestayLLC,118097312,0010y00001cqurkAAA
MinnestayLLC,118097315,0010y00001cqurkAAA
MinnestayLLC,118097309,0010y00001cqurkAAA
MinnestayLLC,35022784,0010y00001cqurkAAA
MinnestayLLC,35022821,0010y00001cqurkAAA
MinnestayLLC,118097307,0010y00001cqurkAAA
MinnestayLLC,118097306,0010y00001cqurkAAA
MinnestayLLC,118097313,0010y00001cqurkAAA
MinnestayLLC,118097290,0010y00001cqurkAAA
MinnestayLLC,118097314,0010y00001cqurkAAA
MinnestayLLC,118097310,0010y00001cqurkAAA
MinnestayLLC,118097303,0010y00001cqurkAAA
MinnestayLLC,118097316,0010y00001cqurkAAA
MinnestayLLC,118097308,0010y00001cqurkAAA
MinnestayLLC,118097333,0010y00001cqurkAAA
MinnestayLLC,118097321,0010y00001cqurkAAA
MinnestayLLC,118097320,0010y00001cqurkAAA
MinnestayLLC,118097324,0010y00001cqurkAAA
MinnestayLLC,118097338,0010y00001cqurkAAA
MinnestayLLC,118097337,0010y00001cqurkAAA
MinnestayLLC,118097330,0010y00001cqurkAAA
MinnestayLLC,118097329,0010y00001cqurkAAA
MinnestayLLC,118097328,0010y00001cqurkAAA
MinnestayLLC,118097335,0010y00001cqurkAAA
MinnestayLLC,118097327,0010y00001cqurkAAA
MinnestayLLC,118097331,0010y00001cqurkAAA
MinnestayLLC,118097323,0010y00001cqurkAAA
MinnestayLLC,118097325,0010y00001cqurkAAA
MinnestayLLC,118097339,0010y00001cqurkAAA
MinnestayLLC,118097322,0010y00001cqurkAAA
MinnestayLLC,118097326,0010y00001cqurkAAA
MinnestayLLC,118097336,0010y00001cqurkAAA
MinnestayLLC,118097347,0010y00001cqurkAAA
MinnestayLLC,118097343,0010y00001cqurkAAA
MinnestayLLC,118097332,0010y00001cqurkAAA
MinnestayLLC,118097344,0010y00001cqurkAAA
MinnestayLLC,118097348,0010y00001cqurkAAA
MinnestayLLC,118097351,0010y00001cqurkAAA
MinnestayLLC,118097287,0010y00001cqurkAAA
MinnestayLLC,118097286,0010y00001cqurkAAA
MinnestayLLC,118097288,0010y00001cqurkAAA
MinnestayLLC,118097285,0010y00001cqurkAAA
MinnestayLLC,118097352,0010y00001cqurkAAA
MinnestayLLC,118097354,0010y00001cqurkAAA
MinnestayLLC,118097355,0010y00001cqurkAAA
MinnestayLLC,118097353,0010y00001cqurkAAA
MinnestayLLC,118097341,0010y00001cqurkAAA
MinnestayLLC,118097345,0010y00001cqurkAAA
MinnestayLLC,118097340,0010y00001cqurkAAA
MinnestayLLC,118097342,0010y00001cqurkAAA
MinnestayLLC,118097346,0010y00001cqurkAAA
MinnestayLLC,118097350,0010y00001cqurkAAA
MinnestayLLC,118097349,0010y00001cqurkAAA
MinnestayLLC,118097370,0010y00001cqurkAAA
MinnestayLLC,118097369,0010y00001cqurkAAA
MinnestayLLC,118097371,0010y00001cqurkAAA
MinnestayLLC,118097366,0010y00001cqurkAAA
MinnestayLLC,118097357,0010y00001cqurkAAA
MinnestayLLC,118097362,0010y00001cqurkAAA
MinnestayLLC,118097378,0010y00001cqurkAAA
MinnestayLLC,118097374,0010y00001cqurkAAA
MinnestayLLC,118097367,0010y00001cqurkAAA
MinnestayLLC,118097361,0010y00001cqurkAAA
MinnestayLLC,118097376,0010y00001cqurkAAA
MinnestayLLC,118097373,0010y00001cqurkAAA
MinnestayLLC,118097365,0010y00001cqurkAAA
MinnestayLLC,118097375,0010y00001cqurkAAA
MinnestayLLC,118097372,0010y00001cqurkAAA
MinnestayLLC,35045136,0010y00001cqurkAAA
MinnestayLLC,35016120,0010y00001cqurkAAA
MinnestayLLC,35045138,0010y00001cqurkAAA
MinnestayLLC,118097359,0010y00001cqurkAAA
MinnestayLLC,118097360,0010y00001cqurkAAA
MinnestayLLC,118097364,0010y00001cqurkAAA
MinnestayLLC,118097363,0010y00001cqurkAAA
MinnestayLLC,118097356,0010y00001cqurkAAA
MinnestayLLC,118097358,0010y00001cqurkAAA
MinnestayLLC,118097377,0010y00001cqurkAAA
MinnestayLLC,118097368,0010y00001cqurkAAA
KMACapitalCorporationdbaKBMResorts,117970919,0010y00001a3olRAAQ
KMACapitalCorporationdbaKBMResorts,117970928,0010y00001a3olRAAQ
KMACapitalCorporationdbaKBMResorts,117970927,0010y00001a3olRAAQ
KMACapitalCorporationdbaKBMResorts,117970934,0010y00001a3olRAAQ
KMACapitalCorporationdbaKBMResorts,117970942,0010y00001a3olRAAQ
KMACapitalCorporationdbaKBMResorts,117970944,0010y00001a3olRAAQ
KMACapitalCorporationdbaKBMResorts,117970941,0010y00001a3olRAAQ
KMACapitalCorporationdbaKBMResorts,117970945,0010y00001a3olRAAQ
KMACapitalCorporationdbaKBMResorts,117970947,0010y00001a3olRAAQ
KMACapitalCorporationdbaKBMResorts,117970943,0010y00001a3olRAAQ
KMACapitalCorporationdbaKBMResorts,117970940,0010y00001a3olRAAQ
KMACapitalCorporationdbaKBMResorts,117970939,0010y00001a3olRAAQ
KMACapitalCorporationdbaKBMResorts,117970937,0010y00001a3olRAAQ
KMACapitalCorporationdbaKBMResorts,117970948,0010y00001a3olRAAQ
KMACapitalCorporationdbaKBMResorts,117970946,0010y00001a3olRAAQ
KMACapitalCorporationdbaKBMResorts,117970938,0010y00001a3olRAAQ
KMACapitalCorporationdbaKBMResorts,117970949,0010y00001a3olRAAQ
KMACapitalCorporationdbaKBMResorts,117970935,0010y00001a3olRAAQ
KMACapitalCorporationdbaKBMResorts,118093357,0010y00001a3olRAAQ
JadeCaps,117651310,0018b00002e6NTMAA2
JadeCaps,117650527,0018b00002e6NTMAA2
JadeCaps,117651309,0018b00002e6NTMAA2
JadeCaps,117651308,0018b00002e6NTMAA2
JadeCaps,117650525,0018b00002e6NTMAA2
JadeCaps,117650528,0018b00002e6NTMAA2
JadeCaps,117650524,0018b00002e6NTMAA2
JadeCaps,117650526,0018b00002e6NTMAA2
JadeCaps,117650529,0018b00002e6NTMAA2
JadeCaps,117650530,0018b00002e6NTMAA2
Italianway,117664126,0010y00001YAr7nAAD
Italianway,117823796,0010y00001YAr7nAAD
Italianway,117825918,0010y00001YAr7nAAD
Italianway,117984448,0010y00001YAr7nAAD
Italianway,118144364,0010y00001YAr7nAAD
GenteelHome,118001954,0010y00001h3frfAAA
GenteelHome,118002144,0010y00001h3frfAAA
EvolveVacationRental,117849354,0010y00001lSdgHAAS
EvolveVacationRental,118085366,0010y00001lSdgHAAS
EvolveVacationRental,117643168,0010y00001lSdgHAAS
EvolveVacationRental,117995333,0010y00001lSdgHAAS
EvolveVacationRental,118123691,0010y00001lSdgHAAS
EvolveVacationRental,117663448,0010y00001lSdgHAAS
EvolveVacationRental,117753246,0010y00001lSdgHAAS
EvolveVacationRental,118146077,0010y00001lSdgHAAS
EvolveVacationRental,117753217,0010y00001lSdgHAAS
EvolveVacationRental,118110701,0010y00001lSdgHAAS
EvolveVacationRental,117753285,0010y00001lSdgHAAS
EvolveVacationRental,117628711,0010y00001lSdgHAAS
EvolveVacationRental,117628693,0010y00001lSdgHAAS
EvolveVacationRental,117628694,0010y00001lSdgHAAS
EvolveVacationRental,117628673,0010y00001lSdgHAAS
EvolveVacationRental,117628705,0010y00001lSdgHAAS
EvolveVacationRental,117628679,0010y00001lSdgHAAS
EvolveVacationRental,117628688,0010y00001lSdgHAAS
EvolveVacationRental,117628710,0010y00001lSdgHAAS
EvolveVacationRental,117628701,0010y00001lSdgHAAS
EvolveVacationRental,117628670,0010y00001lSdgHAAS
EvolveVacationRental,117628675,0010y00001lSdgHAAS
EvolveVacationRental,117712574,0010y00001lSdgHAAS
EvolveVacationRental,117628664,0010y00001lSdgHAAS
EvolveVacationRental,117628690,0010y00001lSdgHAAS
EvolveVacationRental,117628697,0010y00001lSdgHAAS
EvolveVacationRental,117628716,0010y00001lSdgHAAS
EvolveVacationRental,117628683,0010y00001lSdgHAAS
EvolveVacationRental,117628715,0010y00001lSdgHAAS
EvolveVacationRental,117628702,0010y00001lSdgHAAS
EvolveVacationRental,117628662,0010y00001lSdgHAAS
EvolveVacationRental,117628669,0010y00001lSdgHAAS
EvolveVacationRental,117628671,0010y00001lSdgHAAS
EvolveVacationRental,117628687,0010y00001lSdgHAAS
EvolveVacationRental,117628677,0010y00001lSdgHAAS
EvolveVacationRental,117628689,0010y00001lSdgHAAS
EvolveVacationRental,117628712,0010y00001lSdgHAAS
EvolveVacationRental,117628696,0010y00001lSdgHAAS
EvolveVacationRental,117628686,0010y00001lSdgHAAS
EvolveVacationRental,117628708,0010y00001lSdgHAAS
EvolveVacationRental,117628719,0010y00001lSdgHAAS
EvolveVacationRental,117628706,0010y00001lSdgHAAS
EvolveVacationRental,117628681,0010y00001lSdgHAAS
EvolveVacationRental,117628678,0010y00001lSdgHAAS
EvolveVacationRental,117628684,0010y00001lSdgHAAS
EvolveVacationRental,117628672,0010y00001lSdgHAAS
EvolveVacationRental,117628674,0010y00001lSdgHAAS
EvolveVacationRental,117628685,0010y00001lSdgHAAS
EvolveVacationRental,117628691,0010y00001lSdgHAAS
EvolveVacationRental,117628718,0010y00001lSdgHAAS
EvolveVacationRental,117628692,0010y00001lSdgHAAS
EvolveVacationRental,117628704,0010y00001lSdgHAAS
EvolveVacationRental,117628682,0010y00001lSdgHAAS
EvolveVacationRental,117628717,0010y00001lSdgHAAS
EvolveVacationRental,117628695,0010y00001lSdgHAAS
EvolveVacationRental,117628663,0010y00001lSdgHAAS
EvolveVacationRental,117628680,0010y00001lSdgHAAS
EvolveVacationRental,117628703,0010y00001lSdgHAAS
EvolveVacationRental,117663475,0010y00001lSdgHAAS
EvolveVacationRental,117712594,0010y00001lSdgHAAS
EvolveVacationRental,117712559,0010y00001lSdgHAAS
EvolveVacationRental,117712579,0010y00001lSdgHAAS
EvolveVacationRental,117712593,0010y00001lSdgHAAS
EvolveVacationRental,117712566,0010y00001lSdgHAAS
EvolveVacationRental,117712597,0010y00001lSdgHAAS
EvolveVacationRental,117712589,0010y00001lSdgHAAS
EvolveVacationRental,117712583,0010y00001lSdgHAAS
EvolveVacationRental,117712601,0010y00001lSdgHAAS
EvolveVacationRental,117712584,0010y00001lSdgHAAS
EvolveVacationRental,117712591,0010y00001lSdgHAAS
EvolveVacationRental,117712563,0010y00001lSdgHAAS
EvolveVacationRental,117712613,0010y00001lSdgHAAS
EvolveVacationRental,117712596,0010y00001lSdgHAAS
EvolveVacationRental,117712592,0010y00001lSdgHAAS
EvolveVacationRental,117712570,0010y00001lSdgHAAS
EvolveVacationRental,117712606,0010y00001lSdgHAAS
EvolveVacationRental,117712562,0010y00001lSdgHAAS
EvolveVacationRental,117712612,0010y00001lSdgHAAS
EvolveVacationRental,117712565,0010y00001lSdgHAAS
EvolveVacationRental,117712603,0010y00001lSdgHAAS
EvolveVacationRental,117712581,0010y00001lSdgHAAS
EvolveVacationRental,117712569,0010y00001lSdgHAAS
EvolveVacationRental,117712595,0010y00001lSdgHAAS
EvolveVacationRental,117712561,0010y00001lSdgHAAS
EvolveVacationRental,117712580,0010y00001lSdgHAAS
EvolveVacationRental,117712575,0010y00001lSdgHAAS
EvolveVacationRental,117712610,0010y00001lSdgHAAS
EvolveVacationRental,117712602,0010y00001lSdgHAAS
EvolveVacationRental,117712614,0010y00001lSdgHAAS
EvolveVacationRental,117712577,0010y00001lSdgHAAS
EvolveVacationRental,117712611,0010y00001lSdgHAAS
EvolveVacationRental,117712607,0010y00001lSdgHAAS
EvolveVacationRental,117712568,0010y00001lSdgHAAS
EvolveVacationRental,117712571,0010y00001lSdgHAAS
EvolveVacationRental,117753244,0010y00001lSdgHAAS
EvolveVacationRental,117753230,0010y00001lSdgHAAS
EvolveVacationRental,117753229,0010y00001lSdgHAAS
EvolveVacationRental,117753275,0010y00001lSdgHAAS
EvolveVacationRental,117753265,0010y00001lSdgHAAS
EvolveVacationRental,117753232,0010y00001lSdgHAAS
EvolveVacationRental,117753278,0010y00001lSdgHAAS
EvolveVacationRental,117753250,0010y00001lSdgHAAS
EvolveVacationRental,117753268,0010y00001lSdgHAAS
EvolveVacationRental,117753269,0010y00001lSdgHAAS
EvolveVacationRental,117753245,0010y00001lSdgHAAS
EvolveVacationRental,117753257,0010y00001lSdgHAAS
EvolveVacationRental,117753221,0010y00001lSdgHAAS
EvolveVacationRental,117753240,0010y00001lSdgHAAS
EvolveVacationRental,117753270,0010y00001lSdgHAAS
EvolveVacationRental,117753215,0010y00001lSdgHAAS
EvolveVacationRental,117753256,0010y00001lSdgHAAS
EvolveVacationRental,117753284,0010y00001lSdgHAAS
EvolveVacationRental,117753263,0010y00001lSdgHAAS
EvolveVacationRental,117753272,0010y00001lSdgHAAS
EvolveVacationRental,117753271,0010y00001lSdgHAAS
EvolveVacationRental,117753267,0010y00001lSdgHAAS
EvolveVacationRental,117753273,0010y00001lSdgHAAS
EvolveVacationRental,117753248,0010y00001lSdgHAAS
EvolveVacationRental,117753276,0010y00001lSdgHAAS
EvolveVacationRental,117753280,0010y00001lSdgHAAS
EvolveVacationRental,117753274,0010y00001lSdgHAAS
EvolveVacationRental,117753242,0010y00001lSdgHAAS
EvolveVacationRental,117753261,0010y00001lSdgHAAS
EvolveVacationRental,117753228,0010y00001lSdgHAAS
EvolveVacationRental,117753226,0010y00001lSdgHAAS
EvolveVacationRental,117753247,0010y00001lSdgHAAS
EvolveVacationRental,117753283,0010y00001lSdgHAAS
EvolveVacationRental,117753211,0010y00001lSdgHAAS
EvolveVacationRental,117753259,0010y00001lSdgHAAS
EvolveVacationRental,117753266,0010y00001lSdgHAAS
EvolveVacationRental,117753222,0010y00001lSdgHAAS
EvolveVacationRental,117753239,0010y00001lSdgHAAS
EvolveVacationRental,117753231,0010y00001lSdgHAAS
EvolveVacationRental,117753252,0010y00001lSdgHAAS
EvolveVacationRental,117753282,0010y00001lSdgHAAS
EvolveVacationRental,117787827,0010y00001lSdgHAAS
EvolveVacationRental,117787813,0010y00001lSdgHAAS
EvolveVacationRental,117787804,0010y00001lSdgHAAS
EvolveVacationRental,117787808,0010y00001lSdgHAAS
EvolveVacationRental,117787782,0010y00001lSdgHAAS
EvolveVacationRental,117787821,0010y00001lSdgHAAS
EvolveVacationRental,117787818,0010y00001lSdgHAAS
EvolveVacationRental,117787826,0010y00001lSdgHAAS
EvolveVacationRental,117787765,0010y00001lSdgHAAS
EvolveVacationRental,117787831,0010y00001lSdgHAAS
EvolveVacationRental,117787772,0010y00001lSdgHAAS
EvolveVacationRental,117787773,0010y00001lSdgHAAS
EvolveVacationRental,117787770,0010y00001lSdgHAAS
EvolveVacationRental,117787809,0010y00001lSdgHAAS
EvolveVacationRental,117787833,0010y00001lSdgHAAS
EvolveVacationRental,117787769,0010y00001lSdgHAAS
EvolveVacationRental,117787825,0010y00001lSdgHAAS
EvolveVacationRental,117787838,0010y00001lSdgHAAS
EvolveVacationRental,117787785,0010y00001lSdgHAAS
EvolveVacationRental,117787771,0010y00001lSdgHAAS
EvolveVacationRental,117787783,0010y00001lSdgHAAS
EvolveVacationRental,117787835,0010y00001lSdgHAAS
EvolveVacationRental,117787822,0010y00001lSdgHAAS
EvolveVacationRental,117787824,0010y00001lSdgHAAS
EvolveVacationRental,117787814,0010y00001lSdgHAAS
EvolveVacationRental,117787841,0010y00001lSdgHAAS
EvolveVacationRental,117787781,0010y00001lSdgHAAS
EvolveVacationRental,117787820,0010y00001lSdgHAAS
EvolveVacationRental,117787837,0010y00001lSdgHAAS
EvolveVacationRental,117787840,0010y00001lSdgHAAS
EvolveVacationRental,117787805,0010y00001lSdgHAAS
EvolveVacationRental,117962017,0010y00001lSdgHAAS
EvolveVacationRental,117787812,0010y00001lSdgHAAS
EvolveVacationRental,117787806,0010y00001lSdgHAAS
EvolveVacationRental,117787815,0010y00001lSdgHAAS
EvolveVacationRental,117787811,0010y00001lSdgHAAS
EvolveVacationRental,117962039,0010y00001lSdgHAAS
EvolveVacationRental,117849424,0010y00001lSdgHAAS
EvolveVacationRental,117849444,0010y00001lSdgHAAS
EvolveVacationRental,117849423,0010y00001lSdgHAAS
EvolveVacationRental,117849449,0010y00001lSdgHAAS
EvolveVacationRental,117849443,0010y00001lSdgHAAS
EvolveVacationRental,117962044,0010y00001lSdgHAAS
EvolveVacationRental,117849358,0010y00001lSdgHAAS
EvolveVacationRental,117849359,0010y00001lSdgHAAS
EvolveVacationRental,117849362,0010y00001lSdgHAAS
EvolveVacationRental,117849361,0010y00001lSdgHAAS
EvolveVacationRental,117849360,0010y00001lSdgHAAS
EvolveVacationRental,117849366,0010y00001lSdgHAAS
EvolveVacationRental,117849367,0010y00001lSdgHAAS
EvolveVacationRental,117849420,0010y00001lSdgHAAS
EvolveVacationRental,117962056,0010y00001lSdgHAAS
EvolveVacationRental,117849425,0010y00001lSdgHAAS
EvolveVacationRental,117849375,0010y00001lSdgHAAS
EvolveVacationRental,117849378,0010y00001lSdgHAAS
EvolveVacationRental,117849422,0010y00001lSdgHAAS
EvolveVacationRental,117849393,0010y00001lSdgHAAS
EvolveVacationRental,117849394,0010y00001lSdgHAAS
EvolveVacationRental,117849442,0010y00001lSdgHAAS
EvolveVacationRental,117849445,0010y00001lSdgHAAS
EvolveVacationRental,117849428,0010y00001lSdgHAAS
EvolveVacationRental,117849426,0010y00001lSdgHAAS
EvolveVacationRental,117849432,0010y00001lSdgHAAS
EvolveVacationRental,117849434,0010y00001lSdgHAAS
EvolveVacationRental,117849431,0010y00001lSdgHAAS
EvolveVacationRental,117849435,0010y00001lSdgHAAS
EvolveVacationRental,117849430,0010y00001lSdgHAAS
EvolveVacationRental,117849453,0010y00001lSdgHAAS
EvolveVacationRental,117849454,0010y00001lSdgHAAS
EvolveVacationRental,117849438,0010y00001lSdgHAAS
EvolveVacationRental,117849399,0010y00001lSdgHAAS
EvolveVacationRental,117849379,0010y00001lSdgHAAS
EvolveVacationRental,117849436,0010y00001lSdgHAAS
EvolveVacationRental,117962029,0010y00001lSdgHAAS
EvolveVacationRental,117849451,0010y00001lSdgHAAS
EvolveVacationRental,117849397,0010y00001lSdgHAAS
EvolveVacationRental,117849433,0010y00001lSdgHAAS
EvolveVacationRental,117849398,0010y00001lSdgHAAS
EvolveVacationRental,117849437,0010y00001lSdgHAAS
EvolveVacationRental,117849401,0010y00001lSdgHAAS
EvolveVacationRental,117849402,0010y00001lSdgHAAS
EvolveVacationRental,117849355,0010y00001lSdgHAAS
EvolveVacationRental,117962051,0010y00001lSdgHAAS
EvolveVacationRental,117849441,0010y00001lSdgHAAS
EvolveVacationRental,117849400,0010y00001lSdgHAAS
EvolveVacationRental,117962034,0010y00001lSdgHAAS
EvolveVacationRental,117849439,0010y00001lSdgHAAS
EvolveVacationRental,117849440,0010y00001lSdgHAAS
EvolveVacationRental,117849403,0010y00001lSdgHAAS
EvolveVacationRental,117962023,0010y00001lSdgHAAS
EvolveVacationRental,117874270,0010y00001lSdgHAAS
EvolveVacationRental,117874271,0010y00001lSdgHAAS
EvolveVacationRental,117874269,0010y00001lSdgHAAS
EvolveVacationRental,117874275,0010y00001lSdgHAAS
EvolveVacationRental,117892016,0010y00001lSdgHAAS
EvolveVacationRental,117962047,0010y00001lSdgHAAS
EvolveVacationRental,117962037,0010y00001lSdgHAAS
EvolveVacationRental,117961989,0010y00001lSdgHAAS
EvolveVacationRental,117962001,0010y00001lSdgHAAS
EvolveVacationRental,117962024,0010y00001lSdgHAAS
EvolveVacationRental,117962050,0010y00001lSdgHAAS
EvolveVacationRental,117962049,0010y00001lSdgHAAS
EvolveVacationRental,117962002,0010y00001lSdgHAAS
EvolveVacationRental,117962057,0010y00001lSdgHAAS
EvolveVacationRental,117962019,0010y00001lSdgHAAS
EvolveVacationRental,117962035,0010y00001lSdgHAAS
EvolveVacationRental,117962040,0010y00001lSdgHAAS
EvolveVacationRental,117961997,0010y00001lSdgHAAS
EvolveVacationRental,117961991,0010y00001lSdgHAAS
EvolveVacationRental,117962036,0010y00001lSdgHAAS
EvolveVacationRental,117962041,0010y00001lSdgHAAS
EvolveVacationRental,117962032,0010y00001lSdgHAAS
EvolveVacationRental,117962020,0010y00001lSdgHAAS
EvolveVacationRental,117961992,0010y00001lSdgHAAS
EvolveVacationRental,117962027,0010y00001lSdgHAAS
EvolveVacationRental,117962016,0010y00001lSdgHAAS
EvolveVacationRental,117961994,0010y00001lSdgHAAS
EvolveVacationRental,117962028,0010y00001lSdgHAAS
EvolveVacationRental,117962006,0010y00001lSdgHAAS
EvolveVacationRental,117961987,0010y00001lSdgHAAS
EvolveVacationRental,118040319,0010y00001lSdgHAAS
EvolveVacationRental,117962026,0010y00001lSdgHAAS
EvolveVacationRental,117962055,0010y00001lSdgHAAS
EvolveVacationRental,117962053,0010y00001lSdgHAAS
EvolveVacationRental,117962030,0010y00001lSdgHAAS
EvolveVacationRental,117962031,0010y00001lSdgHAAS
EvolveVacationRental,117961995,0010y00001lSdgHAAS
EvolveVacationRental,117962048,0010y00001lSdgHAAS
EvolveVacationRental,117962043,0010y00001lSdgHAAS
EvolveVacationRental,117995395,0010y00001lSdgHAAS
EvolveVacationRental,117995368,0010y00001lSdgHAAS
EvolveVacationRental,117995429,0010y00001lSdgHAAS
EvolveVacationRental,117995335,0010y00001lSdgHAAS
EvolveVacationRental,117995371,0010y00001lSdgHAAS
EvolveVacationRental,117995373,0010y00001lSdgHAAS
EvolveVacationRental,117995427,0010y00001lSdgHAAS
EvolveVacationRental,117995455,0010y00001lSdgHAAS
EvolveVacationRental,117995457,0010y00001lSdgHAAS
EvolveVacationRental,117995458,0010y00001lSdgHAAS
EvolveVacationRental,117995456,0010y00001lSdgHAAS
EvolveVacationRental,117995426,0010y00001lSdgHAAS
EvolveVacationRental,117995372,0010y00001lSdgHAAS
EvolveVacationRental,117995444,0010y00001lSdgHAAS
EvolveVacationRental,117995334,0010y00001lSdgHAAS
EvolveVacationRental,117995446,0010y00001lSdgHAAS
EvolveVacationRental,117995439,0010y00001lSdgHAAS
EvolveVacationRental,117995488,0010y00001lSdgHAAS
EvolveVacationRental,117995443,0010y00001lSdgHAAS
EvolveVacationRental,117995440,0010y00001lSdgHAAS
EvolveVacationRental,117995370,0010y00001lSdgHAAS
EvolveVacationRental,117995442,0010y00001lSdgHAAS
EvolveVacationRental,117995422,0010y00001lSdgHAAS
EvolveVacationRental,117995374,0010y00001lSdgHAAS
EvolveVacationRental,117995369,0010y00001lSdgHAAS
EvolveVacationRental,117995486,0010y00001lSdgHAAS
EvolveVacationRental,117995423,0010y00001lSdgHAAS
EvolveVacationRental,117995349,0010y00001lSdgHAAS
EvolveVacationRental,117995447,0010y00001lSdgHAAS
EvolveVacationRental,117995487,0010y00001lSdgHAAS
EvolveVacationRental,117995448,0010y00001lSdgHAAS
EvolveVacationRental,117995449,0010y00001lSdgHAAS
EvolveVacationRental,117995379,0010y00001lSdgHAAS
EvolveVacationRental,117995396,0010y00001lSdgHAAS
EvolveVacationRental,117995394,0010y00001lSdgHAAS
EvolveVacationRental,117995452,0010y00001lSdgHAAS
EvolveVacationRental,117995380,0010y00001lSdgHAAS
EvolveVacationRental,117995454,0010y00001lSdgHAAS
EvolveVacationRental,117995350,0010y00001lSdgHAAS
EvolveVacationRental,117995421,0010y00001lSdgHAAS
EvolveVacationRental,117995390,0010y00001lSdgHAAS
EvolveVacationRental,117995453,0010y00001lSdgHAAS
EvolveVacationRental,117995377,0010y00001lSdgHAAS
EvolveVacationRental,118040256,0010y00001lSdgHAAS
EvolveVacationRental,118040203,0010y00001lSdgHAAS
EvolveVacationRental,118085368,0010y00001lSdgHAAS
EvolveVacationRental,118040316,0010y00001lSdgHAAS
EvolveVacationRental,118040315,0010y00001lSdgHAAS
EvolveVacationRental,118040303,0010y00001lSdgHAAS
EvolveVacationRental,118040322,0010y00001lSdgHAAS
EvolveVacationRental,118040323,0010y00001lSdgHAAS
EvolveVacationRental,118040146,0010y00001lSdgHAAS
EvolveVacationRental,118085267,0010y00001lSdgHAAS
EvolveVacationRental,118040230,0010y00001lSdgHAAS
EvolveVacationRental,118040228,0010y00001lSdgHAAS
EvolveVacationRental,118040233,0010y00001lSdgHAAS
EvolveVacationRental,118040300,0010y00001lSdgHAAS
EvolveVacationRental,118040165,0010y00001lSdgHAAS
EvolveVacationRental,118040302,0010y00001lSdgHAAS
EvolveVacationRental,118040255,0010y00001lSdgHAAS
EvolveVacationRental,118040321,0010y00001lSdgHAAS
EvolveVacationRental,118040288,0010y00001lSdgHAAS
EvolveVacationRental,118040210,0010y00001lSdgHAAS
EvolveVacationRental,118040209,0010y00001lSdgHAAS
EvolveVacationRental,118040292,0010y00001lSdgHAAS
EvolveVacationRental,118040320,0010y00001lSdgHAAS
EvolveVacationRental,118040305,0010y00001lSdgHAAS
EvolveVacationRental,118040306,0010y00001lSdgHAAS
EvolveVacationRental,118040282,0010y00001lSdgHAAS
EvolveVacationRental,118040327,0010y00001lSdgHAAS
EvolveVacationRental,118040232,0010y00001lSdgHAAS
EvolveVacationRental,118040231,0010y00001lSdgHAAS
EvolveVacationRental,118040284,0010y00001lSdgHAAS
EvolveVacationRental,118040326,0010y00001lSdgHAAS
EvolveVacationRental,118040224,0010y00001lSdgHAAS
EvolveVacationRental,118040285,0010y00001lSdgHAAS
EvolveVacationRental,118040325,0010y00001lSdgHAAS
EvolveVacationRental,118040317,0010y00001lSdgHAAS
EvolveVacationRental,118040166,0010y00001lSdgHAAS
EvolveVacationRental,118040318,0010y00001lSdgHAAS
EvolveVacationRental,118040283,0010y00001lSdgHAAS
EvolveVacationRental,118040290,0010y00001lSdgHAAS
EvolveVacationRental,118040314,0010y00001lSdgHAAS
EvolveVacationRental,118085402,0010y00001lSdgHAAS
EvolveVacationRental,118085264,0010y00001lSdgHAAS
EvolveVacationRental,118085293,0010y00001lSdgHAAS
EvolveVacationRental,118085369,0010y00001lSdgHAAS
EvolveVacationRental,118085318,0010y00001lSdgHAAS
EvolveVacationRental,118085341,0010y00001lSdgHAAS
EvolveVacationRental,118085391,0010y00001lSdgHAAS
EvolveVacationRental,118085396,0010y00001lSdgHAAS
EvolveVacationRental,118085319,0010y00001lSdgHAAS
EvolveVacationRental,118085389,0010y00001lSdgHAAS
EvolveVacationRental,118085263,0010y00001lSdgHAAS
EvolveVacationRental,118085362,0010y00001lSdgHAAS
EvolveVacationRental,118085349,0010y00001lSdgHAAS
EvolveVacationRental,118085271,0010y00001lSdgHAAS
EvolveVacationRental,118085398,0010y00001lSdgHAAS
EvolveVacationRental,118085266,0010y00001lSdgHAAS
EvolveVacationRental,118085406,0010y00001lSdgHAAS
EvolveVacationRental,118085324,0010y00001lSdgHAAS
EvolveVacationRental,118085278,0010y00001lSdgHAAS
EvolveVacationRental,118085333,0010y00001lSdgHAAS
EvolveVacationRental,118085268,0010y00001lSdgHAAS
EvolveVacationRental,118085314,0010y00001lSdgHAAS
EvolveVacationRental,118085363,0010y00001lSdgHAAS
EvolveVacationRental,118085312,0010y00001lSdgHAAS
EvolveVacationRental,118085395,0010y00001lSdgHAAS
EvolveVacationRental,118085388,0010y00001lSdgHAAS
EvolveVacationRental,118085407,0010y00001lSdgHAAS
EvolveVacationRental,118085262,0010y00001lSdgHAAS
EvolveVacationRental,118085387,0010y00001lSdgHAAS
EvolveVacationRental,118085276,0010y00001lSdgHAAS
EvolveVacationRental,118085259,0010y00001lSdgHAAS
EvolveVacationRental,118085393,0010y00001lSdgHAAS
EvolveVacationRental,118085411,0010y00001lSdgHAAS
EvolveVacationRental,118085316,0010y00001lSdgHAAS
EvolveVacationRental,118085285,0010y00001lSdgHAAS
EvolveVacationRental,118085390,0010y00001lSdgHAAS
EvolveVacationRental,118085367,0010y00001lSdgHAAS
EvolveVacationRental,118085364,0010y00001lSdgHAAS
EvolveVacationRental,118085361,0010y00001lSdgHAAS
EvolveVacationRental,118085272,0010y00001lSdgHAAS
EvolveVacationRental,118085273,0010y00001lSdgHAAS
EvolveVacationRental,118085347,0010y00001lSdgHAAS
EvolveVacationRental,118085408,0010y00001lSdgHAAS
EvolveVacationRental,118085352,0010y00001lSdgHAAS
EvolveVacationRental,118085321,0010y00001lSdgHAAS
EvolveVacationRental,118085418,0010y00001lSdgHAAS
EvolveVacationRental,118085386,0010y00001lSdgHAAS
EvolveVacationRental,118085400,0010y00001lSdgHAAS
EvolveVacationRental,118085405,0010y00001lSdgHAAS
EvolveVacationRental,118085330,0010y00001lSdgHAAS
EvolveVacationRental,118085351,0010y00001lSdgHAAS
EvolveVacationRental,118085261,0010y00001lSdgHAAS
EvolveVacationRental,118085265,0010y00001lSdgHAAS
EvolveVacationRental,118085370,0010y00001lSdgHAAS
EvolveVacationRental,118085403,0010y00001lSdgHAAS
EvolveVacationRental,118110767,0010y00001lSdgHAAS
EvolveVacationRental,118110785,0010y00001lSdgHAAS
EvolveVacationRental,118110712,0010y00001lSdgHAAS
EvolveVacationRental,118110698,0010y00001lSdgHAAS
EvolveVacationRental,118110742,0010y00001lSdgHAAS
EvolveVacationRental,118110743,0010y00001lSdgHAAS
EvolveVacationRental,118110786,0010y00001lSdgHAAS
EvolveVacationRental,118110744,0010y00001lSdgHAAS
EvolveVacationRental,118110737,0010y00001lSdgHAAS
EvolveVacationRental,118110771,0010y00001lSdgHAAS
EvolveVacationRental,118110784,0010y00001lSdgHAAS
EvolveVacationRental,118110711,0010y00001lSdgHAAS
EvolveVacationRental,118110710,0010y00001lSdgHAAS
EvolveVacationRental,118110702,0010y00001lSdgHAAS
EvolveVacationRental,118110770,0010y00001lSdgHAAS
EvolveVacationRental,118110739,0010y00001lSdgHAAS
EvolveVacationRental,118110783,0010y00001lSdgHAAS
EvolveVacationRental,118110736,0010y00001lSdgHAAS
EvolveVacationRental,118110766,0010y00001lSdgHAAS
EvolveVacationRental,118110738,0010y00001lSdgHAAS
EvolveVacationRental,118110765,0010y00001lSdgHAAS
EvolveVacationRental,118110748,0010y00001lSdgHAAS
EvolveVacationRental,118110777,0010y00001lSdgHAAS
EvolveVacationRental,118110749,0010y00001lSdgHAAS
EvolveVacationRental,118110709,0010y00001lSdgHAAS
EvolveVacationRental,118110700,0010y00001lSdgHAAS
EvolveVacationRental,118110699,0010y00001lSdgHAAS
EvolveVacationRental,118110775,0010y00001lSdgHAAS
EvolveVacationRental,118110769,0010y00001lSdgHAAS
EvolveVacationRental,118110750,0010y00001lSdgHAAS
EvolveVacationRental,118110752,0010y00001lSdgHAAS
EvolveVacationRental,118110774,0010y00001lSdgHAAS
EvolveVacationRental,118110776,0010y00001lSdgHAAS
EvolveVacationRental,118110753,0010y00001lSdgHAAS
EvolveVacationRental,118110782,0010y00001lSdgHAAS
EvolveVacationRental,118110703,0010y00001lSdgHAAS
EvolveVacationRental,118110754,0010y00001lSdgHAAS
EvolveVacationRental,118110755,0010y00001lSdgHAAS
EvolveVacationRental,118110756,0010y00001lSdgHAAS
EvolveVacationRental,118110760,0010y00001lSdgHAAS
EvolveVacationRental,118110780,0010y00001lSdgHAAS
EvolveVacationRental,118110708,0010y00001lSdgHAAS
EvolveVacationRental,118110779,0010y00001lSdgHAAS
EvolveVacationRental,118110781,0010y00001lSdgHAAS
EvolveVacationRental,118110759,0010y00001lSdgHAAS
EvolveVacationRental,118110778,0010y00001lSdgHAAS
EvolveVacationRental,118110788,0010y00001lSdgHAAS
EvolveVacationRental,118110789,0010y00001lSdgHAAS
EvolveVacationRental,118110751,0010y00001lSdgHAAS
EvolveVacationRental,118110787,0010y00001lSdgHAAS
EvolveVacationRental,118110761,0010y00001lSdgHAAS
EvolveVacationRental,118146081,0010y00001lSdgHAAS
CinnamonShores,117770021,0010y00001dY7x5AAC
CinnamonShores,117770020,0010y00001dY7x5AAC
CinnamonShores,117770022,0010y00001dY7x5AAC
CinnamonShores,118007832,0010y00001dY7x5AAC
CasiolaLLC,117795854,0010y00001kIw7UAAS
CasiolaLLC,117795856,0010y00001kIw7UAAS
CasiolaLLC,117795857,0010y00001kIw7UAAS
CasiolaLLC,117663305,0010y00001kIw7UAAS
CasiolaLLC,117815955,0010y00001kIw7UAAS
CasiolaLLC,117815954,0010y00001kIw7UAAS
AvantStay,109064179,0010y00001fVoEOAA0
AvantStay,116600952,0010y00001fVoEOAA0
AvantStay,117687848,0010y00001fVoEOAA0
AvantStay,117687865,0010y00001fVoEOAA0
AvantStay,117729494,0010y00001fVoEOAA0
AvantStay,117687899,0010y00001fVoEOAA0
AvantStay,117687854,0010y00001fVoEOAA0
AvantStay,117729495,0010y00001fVoEOAA0
AvantStay,117765906,0010y00001fVoEOAA0
AvantStay,117767124,0010y00001fVoEOAA0
AvantStay,117767126,0010y00001fVoEOAA0
AvantStay,117767123,0010y00001fVoEOAA0
AvantStay,117802380,0010y00001fVoEOAA0
AvantStay,117802631,0010y00001fVoEOAA0
AvantStay,117839718,0010y00001fVoEOAA0
AvantStay,117802486,0010y00001fVoEOAA0
AvantStay,117835891,0010y00001fVoEOAA0
AvantStay,117835893,0010y00001fVoEOAA0
AvantStay,117931761,0010y00001fVoEOAA0
AvantStay,117931919,0010y00001fVoEOAA0
AvantStay,117931889,0010y00001fVoEOAA0
AvantStay,117932193,0010y00001fVoEOAA0
AvantStay,117932199,0010y00001fVoEOAA0
AvantStay,118059743,0010y00001fVoEOAA0
AvantStay,118060013,0010y00001fVoEOAA0
AvantStay,118060176,0010y00001fVoEOAA0
AvantStay,118095023,0010y00001fVoEOAA0
AvantStay,118095063,0010y00001fVoEOAA0
AirbetterHolidayHomesLLC,117759722,0010y00001lLpeYAAS
AirbetterHolidayHomesLLC,117758683,0010y00001lLpeYAAS
AirbetterHolidayHomesLLC,118153566,0010y00001lLpeYAAS