Connectivity System,AGL Enablement Date,Type,Property Manager Code,SF Account Name,SF Account ID,Comment,Last time we got a property
Avantio,N/A,PMSC,AlgarveLifestyle,VR_PM Algarve Lifestyle,0010y00001gZu3LAAS,,
Avantio,N/A,PMSC,AlgarveVacation,VR_PM Algarve Vacation,0010y00001iyDEKAA2,,
Avantio,N/A,PMSC,AlicanteRealEstate,VR_PM Alicante Real Estate,0010y00001dvBNQAA2,,
Avantio,N/A,PMSC,ALWAYSEASY,VR_PM ALWAYSEASY,0010y00001fRywJAAS,,
Avantio,N/A,PMSC,AngelServices,NOT FOUND,NOT FOUND,,
Avantio,N/A,PMSC,APARPLAYAINVERSIONESINMOBILIARIAS,VR_PM APARPLAYA INVERSIONES INMOBILIARIAS,0010y00001imlLvAAI,,
Avantio,N/A,PMSC,ApartamentosGandiaEspana,NOT FOUND,NOT FOUND,,
Avantio,N/A,PMSC,Apartrent,VR_PM Apartrent,0010y00001fKQBMAA4,,
Avantio,N/A,PMSC,ATTITUDESERVICES,VR_PM ATTITUDE SERVICES,0010y00001beEpxAAE,,
Avantio,N/A,PMSC,BasqueStaysSpain,VR_PM Basque Stays Spain,0010y00001l04WlAAI,,
Avantio,N/A,PMSC,Beachvillas,NOT FOUND,NOT FOUND,,
Avantio,N/A,PMSC,BMACyprusHolidayGroup,VR_PM BMA Cyprus Holiday Group,0010y00001a3paDAAQ,,
Avantio,N/A,PMSC,CarolinKugler,VR_PM Carolin Kugler,0010y00001djUvaAAE,,
Avantio,N/A,PMSC,CasasolNerja,VR_PM Casasol Nerja,0010y00001jBvZsAAK,,
Avantio,N/A,PMSC,Centragence,VR_PM Centragence,0010y00001aWfCaAAK,,
Avantio,N/A,PMSC,ChamonixHolidays,VR_PM Chamonix Holidays,0010y00001kIJtMAAW,,
Avantio,N/A,PMSC,CheckinPortugal,VR_PM Checkin Portugal,0010y00001hMpSpAAK,,
Avantio,N/A,PMSC,ClubVillamar,VR_PM Club Villamar,0010y00001kK0cDAAS,,
Avantio,N/A,PMSC,CompagnieImmobiliariAssociatesrl,VR_PM Compagnie Immobiliari Associate srl,0010y00001gabEXAAY,,
Avantio,N/A,PMSC,DalmaPortuguesa,VR_PM D'alma Portuguesa,0010y00001imqgcAAA,,
Avantio,N/A,PMSC,DotHolidaySA,VR_PM Dot Holiday SA,0010y00001fVURJAA4,,
Avantio,N/A,PMSC,Dotvillas,VR_PM Dotvillas,0010y00001cxB0eAAE,,
Avantio,N/A,PMSC,EasyGoVacationHomesRental,VR_PM EasyGo Vacation Homes Rental,0018b00002e6F7VAAU,,
Avantio,N/A,PMSC,EasyVillasMallorca,VR_PM Easy Villas Mallorca,0010y00001ipmzEAAQ,,
Avantio,N/A,PMSC,FEELHOME,VR_PM FEEL HOME,0010y00001a3pd9AAA,,
Avantio,N/A,PMSC,Fidalsa,VR_PM Fidalsa,0010y00001YmeugAAB,,
Avantio,N/A,PMSC,FlatguestSpain,VR_PM Flatguest Spain,0010y00001kJt3wAAC,,
Avantio,N/A,PMSC,FMVPropertyManagement,VR_PM FMV Property Management,0010y00001jhVGpAAM,,
Avantio,N/A,PMSC,GesblauIlles,VR_PM Gesblau Illes,0010y00001be0g0AAA,,
Avantio,N/A,PMSC,GTHouse,VR_PM GT House,0010y00001i0Go7AAE,,
Avantio,N/A,PMSC,HabitatHolidays,NOT FOUND,NOT FOUND,,
Avantio,N/A,PMSC,HITrentalAG,VR_PM HITrental AG,0010y00001inZizAAE,,
Avantio,N/A,PMSC,HolidayCasa,VR_PM Holiday Casa,0010y00001gYyg5AAC,,
Avantio,N/A,PMSC,HolidayPromotion,VR_PM Holiday Promotion Group S.C.,0010y00001eZKbCAAW,,
Avantio,N/A,PMSC,HomeForGuest,VR_PM HomeForGuest,0010y00001fMdH8AAK,,
Avantio,N/A,PMSC,Homesud,VR_PM Homesud,0010y00001kIxpzAAC,,
Avantio,N/A,PMSC,HOMING,VR_PM HOMING,0010y00001a3oSrAAI,,
Avantio,N/A,PMSC,JsProperties,VR_PM Js Properties,0010y00001ky3ZLAAY,,
Avantio,N/A,PMSC,Klodge,VR_PM Klodge,0010y00001dvxXFAAY,,
Avantio,N/A,PMSC,LAMERHOMES,VR_PM LA MER HOMES,0010y00001a3omdAAA,,
Avantio,N/A,PMSC,LODREZ,VR_PM LODREZ,0010y00001lSZjdAAG,,
Avantio,N/A,PMSC,MHM,VR_PM MHM,0010y00001a3piqAAA,,
Avantio,N/A,PMSC,MilitaryFirstBnBSolutions,VR_PM Military First BnB Solutions,0010y00001kHZCpAAO,,
Avantio,N/A,PMSC,MishasPlace,VR_PM Misha's Place,0010y00001hzY6tAAE,,
Avantio,N/A,PMSC,MYCITYHOMESPAIN,VR_PM MYCITYHOME SPAIN,0010y00001kIcsKAAS,,
Avantio,N/A,PMSC,MyGardaHoliday,VR_PM My Garda Holiday,0010y00001gZOvGAAW,,
Avantio,N/A,PMSC,OreoTravel,VR_PM Oreo Travel,001PE00000PZLRNYA5,,
Avantio,N/A,PMSC,OwlBooking,VR_PM Owl Booking,0010y00001bdmZPAAY,,
Avantio,N/A,PMSC,PferdaufWolke,VR_PM Pferd auf Wolke Travel,0010y00001aojZ2AAI,,
Avantio,N/A,PMSC,PlanetCostaDorada,VR_PM Planet Costa Dorada,0010y00001fe4IzAAI,,
Avantio,N/A,PMSC,PrimeStayVacationHomesRental,VR_PM Prime Stay Vacation Homes Rental LLC,0010y00001jhUwNAAU,,
Avantio,N/A,PMSC,RebomaHolidaysApartments,VR_PM Reboma Holidays Apartments,0010y00001io2dZAAQ,,
Avantio,N/A,PMSC,Rentopolis,VR_PM Rentopolis,0010y00001ZA39NAAT,,
Avantio,N/A,PMSC,RockRentals,VR_PM Rock Rentals,0010y00001iyGC1AAM,,
Avantio,N/A,PMSC,SASTravelLimited,VR_PM SAS Travel Limited,0010y00001fciWbAAI,,
Avantio,N/A,PMSC,SASULocationLacAnnecy,VR_PM SASU Location Lac Annecy,0010y00001d79S1AAI,,
Avantio,N/A,PMSC,SelectedRentals,VR_PM Selected Rentals,0010y00001dwrMnAAI,,
Avantio,N/A,PMSC,shortletlondon,NOT FOUND,NOT FOUND,,
Avantio,N/A,PMSC,Snale,NOT FOUND,NOT FOUND,,
Avantio,N/A,PMSC,Sorrento4Home,VR_PM Sorrento4Home /Estate4home,0010y00001a4gFUAAY,,
Avantio,N/A,PMSC,SpainSunRentals,VR_PM Spain Sun Rentals,0010y00001a1SsuAAE,,
Avantio,N/A,PMSC,SSVSÃ¼doldenburgerServiceundVerwaltungsGm,VR_PM SSV Südoldenburger Service und Verwaltungs GmbH & Co. KG,0010y00001jCG5KAAW,,
Avantio,N/A,PMSC,Star5PropertyLLC,VR_PM Star 5 Property LLC,0010y00001oBgaHAAS,,
Avantio,N/A,PMSC,StayInRomeApartments,VR_PM Stay In Rome Apartments,0010y00001io7FDAAY,,
Avantio,N/A,PMSC,SunAlgarveEUR,VR_PM Sun Algarve,0010y00001dk28KAAQ,,
Avantio,N/A,PMSC,TALLINNCITYAPARTMENTSOU,NOT FOUND,NOT FOUND,,
Avantio,N/A,PMSC,TridentHolidayHomes,VR_PM TD Holidays (Trident Holiday Homes),0010y00001a3pHAAAY,,
Avantio,N/A,PMSC,TRPSVacationsHomes,VR_PM TRPS Vacation Homes,001PE00000PofkrYAB,,
Avantio,N/A,PMSC,ViewsonVeniceEuro,VR_PM Views on Venice,0010y00001dkIO9AAM,,
Avantio,N/A,PMSC,VilamanIKE,VR_PM Vilaman IKE,0010y00001dJLYNAA4,,
Avantio,N/A,PMSC,VillaConsulting,VR_PM Villa Consulting,0010y00001ipmlbAAA,,
Avantio,N/A,PMSC,VillasGuzman,VR_PM Villas Guzman,0010y00001bceNDAAY,,
Avantio,N/A,PMSC,VillasNowLtd,VR_PM Villas Now Ltd,0010y00001c3vIVAAY,,
Avantio,N/A,PMSC,VRPMHAPPYFEWPROPERTIES,VR_PM Happy Few Properties,0010y00001a3oQcAAI,,
Avantio,N/A,PMSC,Welkhome,VR_PM Welkhome Real Estate Agency,0010y00001c1cYnAAI,,
Avantio,N/A,PMSC,WengenApartments,VR_PM Wengen Apartments,0010y00001hzxZfAAI,,
Avantio,N/A,PMSC,ZadarVilla,VR_PM Zadar Villas,0010y00001gGXbhAAG,,
Avantio,N/A,PMSC,Zapinvest,VR_PM Zapinvest,0010y00001crRYOAA2,,
BeeRent,N/A,PMSC,AdriaBonus,VR_PM Adria Bonus,0010y00001jDYCyAAO,,
BeeRent,N/A,PMSC,EuroTours,VR_PM Euro Tours,0010y00001ip7TVAAY,,
BeeRent,N/A,PMSC,Sirene,NOT FOUND,NOT FOUND,,
BeeRent,N/A,PMSC,TravelHorizont,Travel Horizont,0010y00001sVGKeAAO,,
Belvilla,N/A,PMIS,<blank>,,,,
BookerTools,N/A,PMSC,DalmatianTowns,VR_PM Dalmatian Towns,0010y00001dXBjXAAW,,
BookerTools,N/A,PMSC,DigitalnipartnerdooEURO,VR_PM Digitalni partner d.o.o.,0010y00001dXBitAAG,,
BookerTools,N/A,PMSC,DigitalniturizemAlpeAdriaBooker,VR_PM Digitalni Turizem (Alpe Adria Booker),0010y00001bc5MdAAI,,
BookerTools,N/A,PMSC,DigitalniTurizemdoo,NOT FOUND,NOT FOUND,,
BookerTools,N/A,PMSC,DirectBooker,VR_PM Direct Booker (under Belvilla by OYO),0010y00001a3o4TAAQ,,
BookerTools,N/A,PMSC,Ganarjdoo,VR_PM Ganar j.d.o.o.,0010y00001lMBRGAA4,,
BookerTools,N/A,PMSC,Manag5,VR_PM Manag 5,0010y00001emt2PAAQ,,
BookerTools,N/A,PMSC,Nautilus,VR_PM Nautilus,0010y00001bKc1SAAS,,
BookingPal,N/A,PMSC,ABSeaSalesRentalsIncUSD,VR_PM AB Sea Sales & Rentals Inc.,0010y00001iqBitAAE,,
BookingPal,N/A,PMSC,AcmeHouseCompanyVacationRentals,VR_PM Acme House Company Vacation Rentals,0010y00001a4dIsAAI,,
BookingPal,N/A,PMSC,ActualimoEUR,VRPM Actualimo,0010y00001aXSFKAA4,,
BookingPal,N/A,PMSC,AdvancedLodgingConceptsUSD,VR_PM Advanced Lodging Concepts LLC,0010y00001ioeRIAAY,,
BookingPal,N/A,PMSC,AliiBeachRentalsUSD,NOT FOUND,NOT FOUND,,
BookingPal,N/A,PMSC,AlpimoEUR,VR_PM Alpimo,0010y00001hs7W7AAI,,
BookingPal,N/A,PMSC,AmazingAccomAUD,VR_PM Amazing Accom,0010y00001aDI3KAAW,,
BookingPal,N/A,PMSC,AmazingAccomNZD,VR_PM Amazing Accom,0010y00001aDI3KAAW,,
BookingPal,N/A,PMSC,AmazingAccomUSD,VR_PM Amazing Accom,0010y00001aDI3KAAW,,
BookingPal,N/A,PMSC,AmazingVHFUSD,VR_PM Amazing Accom,0010y00001aDI3KAAW,,
BookingPal,N/A,PMSC,ArvernhaResortsEUR,VR_PM Arvernha Resorts,0010y00001c3ImnAAE,,
BookingPal,N/A,PMSC,AspenSnowmassRentalsbyOwnerUSD,VR_PM Aspen Snowmass Rentals by Owner,0010y00001nkD4UAAU,,
BookingPal,N/A,PMSC,AuntBugsUSD,VR_PM Aspen Snowmass Rentals by Owner,0010y00001nkD4UAAU,,
BookingPal,N/A,PMSC,BeachhouseVacationRentalsUSD,VR_PM Beachhouse Vacation Rentals,0010y00001lTNkAAAW,,
BookingPal,N/A,PMSC,BeachsideManagementUSD,VR_PM Beachside Management,0018b00002hPGQCAA4,,
BookingPal,N/A,PMSC,BerkeleySpringsCottageRentals,VR_PM Berkeley Springs Cottage Rentals,0010y00001kIgSuAAK,,
BookingPal,N/A,PMSC,BestStayzUSD,VR_PM BESTSTAYZ,0010y00001c3M7PAAU,,
BookingPal,N/A,PMSC,BigBearGetawaybyMeredithLodgingLLC,VR_PM Big Bear Getaway by Meredith Lodging LLC,0018b00001w8QIhAAM,,
BookingPal,N/A,PMSC,BlackCanyonInnUSD,NOT FOUND,NOT FOUND,,
BookingPal,N/A,PMSC,BlueSkyLuxury,VR_PM Blue Sky Luxury,0010y00001lNIkMAAW,,
BookingPal,N/A,PMSC,BonnaudEstatesEUR,VR_PM Bonnaud Estates,0010y00001cKTNyAAO,,
BookingPal,N/A,PMSC,CarbonateRealEstateUSD,NOT FOUND,NOT FOUND,,
BookingPal,N/A,PMSC,CarolinaOneEdistoUSD,VR_PM Carolina One-Edisto,0010y00001kxKpHAAU,,
BookingPal,N/A,PMSC,CarolinaOneFollyUSD,VR_PM Carolina One - Folly,0010y00001kxKoOAAU,,
BookingPal,N/A,PMSC,CarolinaOneIOPUSD,VR_PM Carolina One - IOP,0010y00001kxKp2AAE,,
BookingPal,N/A,PMSC,CasaFloridianUSD,VR_PM Casa Floridian LLC,0010y00001aIbXBAA0,,
BookingPal,N/A,PMSC,CentennialCondosUSD,NOT FOUND,NOT FOUND,,
BookingPal,N/A,PMSC,CimalpesCourchevel1550EUR,VRPM Cimalpes Courchevel 1550,0010y00001gY5inAAC,,
BookingPal,N/A,PMSC,CimAlpesCourchevel1650EUR,VR_PM Cimalpes Courchevel 1650,0010y00001a3uCdAAI,,
BookingPal,N/A,PMSC,CimalpesCourchevel1850EUR,VRPM Cimalpes Courchevel 1850,0010y00001gYLXiAAO,,
BookingPal,N/A,PMSC,CimalpesMegeveEUR,NOT FOUND,NOT FOUND,,
BookingPal,N/A,PMSC,CimalpesMeribelEUR,NOT FOUND,NOT FOUND,,
BookingPal,N/A,PMSC,CimalpesMeribelvillageEUR,NOT FOUND,NOT FOUND,,
BookingPal,N/A,PMSC,CimalpesSaintMartindeBellevilleEUR,NOT FOUND,NOT FOUND,,
BookingPal,N/A,PMSC,CimalpesValdisereEUR,NOT FOUND,NOT FOUND,,
BookingPal,N/A,PMSC,CoastalRealtyPMUSD,VR_PM Coastal Realty & PM,0010y00001dJUdaAAG,,
BookingPal,N/A,PMSC,ConciergeRealtyUSD,VR_PM Concierge Realty,0010y00001cKMWpAAO,,
BookingPal,N/A,PMSC,craftstayUSD,VR_PM CraftStay,0010y00001bJ4y8AAC,,
BookingPal,N/A,PMSC,DauphinIslandBeachRentalsLLCUSD,VR_PM Dauphin Island Beach Rentals LLC,0010y00001c1EP4AAM,,
BookingPal,N/A,PMSC,DuranceImmobilierEUR,NOT FOUND,NOT FOUND,,
BookingPal,N/A,PMSC,EasyBnbEUR,NOT FOUND,NOT FOUND,,
BookingPal,N/A,PMSC,EasyClesEUR,NOT FOUND,NOT FOUND,,
BookingPal,N/A,PMSC,EffortlessRentalsUSD,VR_PM Effortless Rentals,0010y00001YltTeAAJ,,
BookingPal,N/A,PMSC,ElkSpringsResortCabinRentalsUSD,VR_PM Elk Springs Resort Cabin Rentals,0010y00001a58uwAAA,,
BookingPal,N/A,PMSC,EscapetoBlueRidge,VR_PM Escape to BlueRidge PMC,0010y00001jfbdiAAA,,
BookingPal,N/A,PMSC,EstesParkCondos,VR_PM Estes Park Condos,0010y00001mVRYTAA4,,
BookingPal,N/A,PMSC,FidelityVacationHomesLLCUSD,VR_PM Fidelity Vacation Homes LLC,0010y00001imOcfAAE,,
BookingPal,N/A,PMSC,FLORENTDEBARSONYEUR,VR_PM FLORENT DE BARSONY,0010y00001a3oBRAAY,,
BookingPal,N/A,PMSC,funquestvacationrentalscorp,VR_PM Funquest Vacation Rentals Corp,0010y00001a3oCoAAI,,
BookingPal,N/A,PMSC,gardenislandpropertiesUSD,VR_PM GARDENISLANDPROPERTIES - Kauai Properties,0010y00001kIbN8AAK,,
BookingPal,N/A,PMSC,GetAwayVacationsInc,VR_PM GetAway Vacations Inc,0010y00001a3oEQAAY,,
BookingPal,N/A,PMSC,HalldisEUR,NOT FOUND,NOT FOUND,,
BookingPal,N/A,PMSC,harborinnllc,VR_PM Harbor Inn LLC,0010y00001kxKbQAAU,,
BookingPal,N/A,PMSC,HomeChicHomeEUR,VR_PM HOME CHIC HOME,0010y00001a3oSSAAY,,
BookingPal,N/A,PMSC,HomeSliceStays,VR_PM HomeSlice Stays,0010y00001kHouMAAS,,
BookingPal,N/A,PMSC,ImmogroomEUR,VR_PM Immogroom,0010y00001a3r6rAAA,,
BookingPal,N/A,PMSC,iTripStAugustineUSD,NOT FOUND,NOT FOUND,,
BookingPal,N/A,PMSC,iTripsUSD,NOT FOUND,NOT FOUND,,
BookingPal,N/A,PMSC,iTripVacationsFloridaFirstCoastUSD,NOT FOUND,NOT FOUND,,
BookingPal,N/A,PMSC,KikiloueEUR,VR_PM Kikiloue,0010y00001a1KF7AAM,,
BookingPal,N/A,PMSC,KnutsonAssociatesUSD,VR_PM Knutson & Associates,0010y00001dJYshAAG,,
BookingPal,N/A,PMSC,KohalaCoastPropertiesUSD,VR_PM Kohala Coast Properties,0010y00001aqm3jAAA,,
BookingPal,N/A,PMSC,LedgesVacationRentalsUSD,VR_PM Ledges Vacation Rentals,0010y00001aFkgfAAC,,
BookingPal,N/A,PMSC,LimehomeGmbHEUR,VR_PM Limehome GmbH,0010y00001d9KbBAAU,,
BookingPal,N/A,PMSC,LiquidLifeVacationRentals,VR_PM Liquid Life Vacation Rentals,0010y00001dwLIdAAM,,
BookingPal,N/A,PMSC,Location3RealEstateofKeyWestIncUSD,VR_PM Location 3 Real Estate of Key West Inc,0010y00001oXH1tAAG,,
BookingPal,N/A,PMSC,LodgingInTellurideUSD,VR_PM Lodging In Telluride,0010y00001bIjSzAAK,,
BookingPal,N/A,PMSC,LoveHawaiiVillasUSD,VR_PM Love Hawaii Villas,0010y00001bc7oQAAQ,,
BookingPal,N/A,PMSC,LuxeVacaUSD,VR_PM LuxeVaca,0010y00001cK8LsAAK,,
BookingPal,N/A,PMSC,LuxuryBeachfrontPropertiesUSD,VR_PM Luxury Beachfront Properties,0010y00001cxAHYAA2,,
BookingPal,N/A,PMSC,MammothFiveStarLodgingUSD,VR_PM Mammoth Five Star Lodging,0010y00001XuIG3AAN,,
BookingPal,N/A,PMSC,MarcoIslandUSD,NOT FOUND,NOT FOUND,,
BookingPal,N/A,PMSC,MauiParadisePropertiesUSD,VR_PM Maui Paradise Properties,0010y00001oAKGXAA4,,
BookingPal,N/A,PMSC,MCMPropertyManagementUSD,VR_PM MCM Property Management,0018b00001vdTOwAAM,,
BookingPal,N/A,PMSC,MeredithLodgingLLCUSD,VR_PM Meredith Lodging LLC,0010y00001njyGmAAI,,
BookingPal,N/A,PMSC,MountainResortPropertiesIncUSD,VR_PM Mountain Resort Properties Inc,0010y00001jgEmqAAE,,
BookingPal,N/A,PMSC,MountainsideResortatStoweUSD,VR_PM Mountainside Resort at Stowe,0010y00001eY0niAAC,,
BookingPal,N/A,PMSC,MountainTimeVacationRentalsUSD,VR_PM Mountain Time Vacation Rentals,0010y00001n7cWgAAI,,
BookingPal,N/A,PMSC,MyHomeInTahitiEUR,NOT FOUND,NOT FOUND,,
BookingPal,N/A,PMSC,MyHuatulcoVacationUSD,VR_PM My Huatulco Vacation,0010y00001kxRnnAAE,,
BookingPal,N/A,PMSC,MyVacationHavenUSD,VR_PM My Vacation Haven,0010y00001a0lI8AAI,,
BookingPal,N/A,PMSC,NoWorriesVacationRentalsUSD,VR_PM No Worries Vacation Rentals - by BookingPal,0010y00001aFkgyAAC,,
BookingPal,N/A,PMSC,OBAVacationHomesUSD,VR_PM OBA Vacation Homes,0010y00001cL8NUAA0,,
BookingPal,N/A,PMSC,OceanSideUSD,VR_PM Oceanside Properties,0010y00001c0zctAAA,,
BookingPal,N/A,PMSC,OfficeImmobilierDeLaPlangeEUR,NOT FOUND,NOT FOUND,,
BookingPal,N/A,PMSC,PalmBeachVacationRentalsUSD,VR_PM Palm Beach Vacation Rentals,0010y00001XuHrPAAV,,
BookingPal,N/A,PMSC,PALMETTOVACATIONRENTALSLLCkeylevelUSD,VR_PM Palmetto Vacations,0010y00001a3pKzAAI,,
BookingPal,N/A,PMSC,ParagonLodgingUSD,VR_PM Paragon Lodging,0010y00001a3vNnAAI,,
BookingPal,N/A,PMSC,PioneerRidgeUSD,VR_PM Pioneer Ridge,0010y00001YDf3MAAT,,
BookingPal,N/A,PMSC,PLAYAMOMENTSUSD,VR_PM PLAYA MOMENTS,0010y00001a3ok8AAA,,
BookingPal,N/A,PMSC,PremierResortPropertiesUSD,VR_PM Premier Resort Properties LLC (iTrip Orlando),0010y00001oArZwAAK,,
BookingPal,N/A,PMSC,PristinePropertiesVacationRentals,VR_PM Awayday - Pristine Properties VR,0018b00002JsS5BAAV,,
BookingPal,N/A,PMSC,REMAXKauaiUSD,VR_PM REMAX Kauai,0010y00001kzxCzAAI,,
BookingPal,N/A,PMSC,ResortPropertiesVacationsUSD,NOT FOUND,NOT FOUND,,
BookingPal,N/A,PMSC,ResortRentalsUSD,VR_PM Awayday - Resort Rentals,0018b00002c8CDsAAM,,
BookingPal,N/A,PMSC,RJVEmeraldCoastRetreatsUSD,VR_PM RJV - Emerald Coast Retreats,0018b00002c5RffAAE,,
BookingPal,N/A,PMSC,RJVEmeraldCoastVacationRentalsUSD,VR_PM RJV - Emerald Coast Vacation Rentals,0018b00002ftFn8AAE,,
BookingPal,N/A,PMSC,RJVGreatOceanCondosUSD,VR_PM RJV - Great Ocean Condos,0018b00002c8CDGAA2,,
BookingPal,N/A,PMSC,RJVLuxuryCoastalVRUSD,VR_PM RJV - Luxury Coastal VR,0018b00002XLnybAAD,,
BookingPal,N/A,PMSC,RJVPensacolaBeachPropertiesUSD,VR_PM RJV - Pensacola Beach Properties,0010y00001eYIHRAA4,,
BookingPal,N/A,PMSC,RJVRealjoyVacationsUSD,VR_PM RJV - Realjoy Vacations,0010y00001ZqHDWAA3,,
BookingPal,N/A,PMSC,RJVSunPalaceVacationsUSD,VR_PM AwayDay - Sun Palace Vacations,0018b00002c8CE2AAM,,
BookingPal,N/A,PMSC,RJVVacationHomesCollectionUSD,VR_PM RJV - Vacation Homes Collection,0018b00002c8CfKAAU,,
BookingPal,N/A,PMSC,RockyMountainResortManagement,VR_PM ROCKY MOUNTAIN RESORT MANAGEMENT,0010y00001a3pcJAAQ,,
BookingPal,N/A,PMSC,RomeLoftEUR,VR_PM Rome Loft,0010y00001aIJwvAAG,,
BookingPal,N/A,PMSC,RRBigBearUSD,NOT FOUND,NOT FOUND,,
BookingPal,N/A,PMSC,SaltWaterVacationsUSD,VR_PM Salt Water Vacations,0010y00001dunQzAAI,,
BookingPal,N/A,PMSC,SantiExpertimmoCorseEUR,VR_PM Santi Expertimmo Corse du Sud,0010y00001a3qe2AAA,,
BookingPal,N/A,PMSC,SeacoveHomeownersMasterAssocInc,VR_PM Seacove Homeowners Master Assoc Inc,0010y00001n80NHAAY,,
BookingPal,N/A,PMSC,SkiColoradoVacationRentals,Ski Colorado Vacation Rentals,0010y00001sUcgGAAS,,
BookingPal,N/A,PMSC,SleepawaysEUR,VR_PM Sleepaways,0010y00001i0w80AAA,,
BookingPal,N/A,PMSC,SmokyCabinsUSD,VR_PM Smoky Cabins,0010y00001bf4PCAAY,,
BookingPal,N/A,PMSC,SnowshoeRealEstateUSD,VR_PM Snowshoe Real Estate,0010y00001dVENnAAO,,
BookingPal,N/A,PMSC,SogestourEUR,VR_PM Sogestour,0010y00001cxEuKAAU,,
BookingPal,N/A,PMSC,SouthernBelle,VR_PM Southern Belle,0010y00001dJM2aAAG,,
BookingPal,N/A,PMSC,StayCoastalVacationsUSD,NOT FOUND,NOT FOUND,,
BookingPal,N/A,PMSC,StayInTamarindoUSD,VR_PM Stay In Tamarindo,0010y00001nA3JdAAK,,
BookingPal,N/A,PMSC,StayLakeNorman,VR_PM Stay Lake Norman,0010y00001kIIZeAAO,,
BookingPal,N/A,PMSC,StayMarquisUSD,VR_PM Stay Marquis,0010y00001nk0VOAAY,,
BookingPal,N/A,PMSC,SugarSkiCountryClubHomeownersUSD,VR_PM Sugar Ski & Country Club Homeowners Association,0010y00001lTXmeAAG,,
BookingPal,N/A,PMSC,TahoeNorthRentalsUSD,VR_PM Tahoe North Rentals,0010y00001ip8seAAA,,
BookingPal,N/A,PMSC,TahoeSignaturePropertiesUSD,VR_PM Tahoe Signature Properties,0010y00001cHakoAAC,,
BookingPal,N/A,PMSC,TaraVacationRentalsUSD,NOT FOUND,NOT FOUND,,
BookingPal,N/A,PMSC,TealDoorHostingUSD,NOT FOUND,NOT FOUND,,
BookingPal,N/A,PMSC,TechTravelLLCUSD,VR_PM Tech Travel LLC,0010y00001a3ovMAAQ,,
BookingPal,N/A,PMSC,tellurideresortlodgingUSD,Telluride Resort Lodging (Telluride Ski & Golf),0010y00001rldG8AAI,,
BookingPal,N/A,PMSC,TKGIncUSD,VR_PM TKG Inc,0010y00001nRdXbAAK,,
BookingPal,N/A,PMSC,TropicalXscapeIncUSD,VR_PM Tropical Xscape Inc,0010y00001lT14oAAC,,
BookingPal,N/A,PMSC,VacasaUSD,VR_PM Vacasa,0010y00001a3pIpAAI,,
BookingPal,N/A,PMSC,VacationLivingLLCLAUSD,VR_PM Vacation Living LLC (LA),0010y00001dVte3AAC,,
BookingPal,N/A,PMSC,VailInternationalManagementUSD,VR_PM Vail International Management,0018b000022cFaJAAU,,
BookingPal,N/A,PMSC,VailManagementCompany,VR_PM Vail Management Company,0018b000024lkw8AAA,,
BookingPal,N/A,PMSC,ValloireReservationEUR,VR_PM Valloire Reservation,0010y00001cxEujAAE,,
BookingPal,N/A,PMSC,VillagePropertiesatSunriver,VR_PM Village Properties at Sunriver PM,0010y00001jp0XpAAI,,
BookingPal,N/A,PMSC,VIPVillaUSD,VR_PM VIPVilla,0010y00001n80OtAAI,,
BookingPal,N/A,PMSC,VRPMAuvergneLocationEUR,VRPM Auvergne Location,0010y00001jBXssAAG,,
BookingPal,N/A,PMSC,WestLakePropertiesUSD,VR_PM West Lake Properties,0010y00001jgXRbAAM,,
BookingPal,N/A,PMSC,WhistlerBreaksCAD,VR_PM Whistler Breaks,0010y00001pHB5qAAG,,
BookingPal,N/A,PMSC,WildDunes,VR_PM Wild Dunes,0018b00002f1hwQAAQ,,
BookingPal,N/A,PMSC,WildernessPresidentalUSD,NOT FOUND,NOT FOUND,,
BookingPal,N/A,PMSC,YoungsSuncoastVacationRentals,VR_PM Youngs Suncoast Vacation Rentals,0010y00001imOxmAAE,,
BookingPal,N/A,PMSC,ZencityUSD,NOT FOUND,NOT FOUND,,
BookingSync,2023-11-03,PMSC,BonnaudEstatesEUR,VR_PM Bonnaud Estates,0010y00001cKTNyAAO,,NEVER
BookingSync,2023-11-03,PMSC,Coucouco,VR_PM Coucou & co,0010y00001jhs8xAAA,,2023-02-09
BookingSync,2023-11-03,PMSC,GuestReady,VR_PM GuestReady,0010y00001bHDz0AAG,,2022-05-11
BookingSync,2023-11-03,PMSC,HOSTNFLY,VR_PM Hostnfly,0010y00001a3qdiAAA,,2020-10-12
BookingSync,2023-11-03,PMSC,KJCONSULTING,VR_PM KJ CONSULTING,0010y00001aWfECAA0,,2023-03-15
BookingSync,2023-11-03,PMSC,LazykeyMarketplaceLLC,VR_PM Lazykey Marketplace LLC,0018b000028XO0WAAW,,2023-08-28
BookingSync,2023-11-03,PMSC,LeisureRentals,VR_PM Leisure Rentals,0018b00002j0nd5AAA,,2025-03-21
BookingSync,2023-11-03,PMSC,LiveZenCity,VR_PM LiveZen City,0010y00001jhvUOAAY,,2021-09-30
BookingSync,2023-11-03,PMSC,MajordomePriveEUR,VR_PM Majordome Prive,0010y00001ems7OAAQ,,NEVER
BookingSync,2023-11-03,PMSC,SasVaneauCoteDAzurEUR,VR_PM Vaneau Cote d'Azur,0010y00001aJUnaAAG,,NEVER
BookingSync,2023-11-03,PMSC,ScoastLLC,VR_PM Scoast LLC - Out of business,0010y00001lT937AAC,,2022-09-12
BookingSync,2023-11-03,PMSC,SmartrentingOther,VR_PM Smartrenting,0010y00001aWfGDAA0,,2020-11-12
BookingSync,2023-11-03,PMSC,SmartrentingParis,VR_PM Smartrenting,0010y00001aWfGDAA0,,2020-11-05
BookingSync,2023-11-03,PMSC,SwainsonApartments,VR_PM Swainson Apartments,0010y00001gGjjxAAC,,NEVER
BookingSync,2023-11-03,PMSC,TRAVELTOMADEIRA,VR_PM Travel To Madeira,0010y00001a3pGuAAI,,2024-06-06
BookingSync,2023-11-03,PMSC,VillaBaliManagement,VR_PM Villa Bali Management,0010y00001q8xqLAAQ,,2024-10-14
BookingSync,2023-11-03,PMSC,XuruStays,VR_PM Xuru Stays,0010y00001iSPukAAG,,2025-03-23
BookingSync,2023-11-03,PMSC,Ziprent,VR_PM Ziprent,0010y00001lTXEQAA4,,2024-09-25
EQCAdriagate,N/A,PMSC,Adriagate,VR_PM Adriagate,0010y00001bdCTkAAM,,
EQCAdriagate,N/A,PMSC,VR_PM_Istria_Home,VR_PM Istria Home,0010y00001inPCYAA2,,
EQCHosteeva,N/A,PMIS,<blank>,,,,
EQCStays,N/A,PMSC,SEAZONE,VR_PM SEAZONE,0018b00002W2tYiAAJ,,
EQCVacasa,N/A,PMIS,<blank>,,,,
HappyHolidayHomes,N/A,PMIS,<blank>,VR_PM HAPPY RENTALS (aka Happy Holiday Homes),0010y00001h1jClAAI,,
Magarental,N/A,PMSC,MagarentalAG,NOT FOUND,NOT FOUND,,
Magarental,N/A,PMSC,MyHomeSorrento,VR_PM My Home Sorrento,0010y00001hr8iRAAQ,,
Magarental,N/A,PMSC,PerlediPuglia,VR_PM Perle Di Puglia,0010y00001YDVZZAA5,,
Magarental,N/A,PMSC,rentalinrome,VR_PM Rental In Rome,0010y00001XuG5UAAV,,
NextPax,2025-07-04,PMSC,adriatichr,VR_PM Adriatic.hr,001PE00000SZsbhYAD,,2023-11-11
NextPax,2023-08-29,PMSC,AirrivaLLC,VR_PM Airriva LLC,0018b00002LvTLcAAN,,2023-11-11
NextPax,2023-08-29,PMSC,ameliarentalandmanagementservices,VR_PM Amelia Rental and Management Services,0010y00001dvLe7AAE,,2020-02-15
NextPax,2023-08-29,PMSC,amsunvacationhomes,VR_PM AmSun Vacation Homes,0010y00001gZQ37AAG,,2019-11-08
NextPax,2023-08-29,PMSC,awaze-landal,VR_PM Awaze - Landal,0010y00001lLr6LAAS,,2022-11-16
NextPax,2023-08-29,PMSC,BlueStarRealEstateLLC,VR_PM BlueStar Real Estate LLC,0018b00002c6b7sAAA,,2025-01-19
NextPax,2023-08-29,PMSC,bookbnb,NOT FOUND,NOT FOUND,,2022-05-11
NextPax,2023-08-29,PMSC,bookersunited,VR_PM Bookers United,0010y00001duzKoAAI,,2020-09-02
NextPax,2023-08-29,PMSC,BricVacationRentals,NOT FOUND,NOT FOUND,,NEVER
NextPax,2023-08-29,PMSC,CallanApartments,VR_PM M.B CALLAN & M.G CALLAN (Callan Apartments),0010y00001ZN6tZAAT,,2022-08-25
NextPax,2023-08-29,PMSC,carolinaproperties,VR_PM Carolina Properties,0010y00001jgKdgAAE,,2020-11-26
NextPax,2023-08-29,PMSC,CasadiMareInc,VR_PM Casa di Mare Inc (iTrips North Shore MA),0010y00001pHdbOAAS,,2024-07-23
NextPax,2023-08-29,PMSC,ciirusmd,VR_PM CiiRUS MD,0010y00001ZoKmnAAF,,NEVER
NextPax,2023-08-29,PMSC,CuteSnowVillas,VR_PM Cute Snow Villas,0010y00001cIjvbAAC,,2024-11-28
NextPax,2023-08-29,PMSC,dnqllc,VR_PM DNQ LLC,0010y00001kxb0IAAQ,,NEVER
NextPax,2023-08-29,PMSC,DreamVacationRentalsInc,VR_PM Dream Vacation Rentals Inc,0010y00001YB4DYAA1,,2023-09-27
NextPax,2023-08-29,PMSC,Droomparken,VR_PM Droomparken,0010y00001anqyaAAA,,2018-11-12
NextPax,2023-08-29,PMSC,durango,VR_PM Durango,0010y00001kzNT3AAM,,2021-08-09
NextPax,2023-08-29,PMSC,EverythingIsla,VR_PM Everything Isla,0010y00001YAochAAD,,2020-08-01
NextPax,2023-08-29,PMSC,executiveresortsnetworkllc,VR_PM Executive Resorts Network LLC,0010y00001iwvywAAA,,2021-01-01
NextPax,2023-08-29,PMSC,FDI,NOT FOUND,NOT FOUND,,2018-11-24
NextPax,2023-08-29,PMSC,FirstCoastVacationRentalsLLC,VR_PM First Coast Vacation Rentals LLC (iTrip),0010y00001nijRhAAI,,2025-02-15
NextPax,2023-08-29,PMSC,floridadreamhomes,VR_PM #1 Dream Homes Inc,0010y00001hlOQlAAM,,2020-09-15
NextPax,2023-08-29,PMSC,floridagoldpropertymanagement,VR_PM Florida Gold Property Management,0010y00001hNf8dAAC,,2020-12-04
NextPax,2023-08-29,PMSC,floridavillasandhomesbyelitellc,VR_PM Florida Villas and Homes by Elite LLC,0010y00001i05d8AAA,,2021-03-15
NextPax,2023-08-29,PMSC,Forenom,VR_PM Forenom Apartments,0010y00001a3oBiAAI,,2020-10-30
NextPax,2023-08-29,PMSC,fourseasonspropertymanagement,VR_PM Four Seasons Property Management,0010y00001jgEmbAAE,,2020-08-19
NextPax,2023-08-29,PMSC,GibsonBeachRentals,VR_PM Gibson Beach Rentals,0018b00002e6mPHAAY,,2024-10-10
NextPax,2023-08-29,PMSC,gondolaresorts,VR_PM Gondola Resorts,0010y00001a1hnXAAQ,,2025-03-26
NextPax,2023-08-29,PMSC,HoggEnterprisesLLC,VR_PM Hogg Enterprises LLC,0010y00001nQLWpAAO,,NEVER
NextPax,2023-08-29,PMSC,HolidayHomeAG,VR_PM Holiday Home AG,0018b00002fkceiAAA,,2025-03-26
NextPax,2023-08-29,PMSC,homerunvacationhomeUSD,VR_PM Home Run Vacation Homes,0010y00001hzmxNAAQ,,2019-11-01
NextPax,2023-08-29,PMSC,internationalhomeresortllc,VR_PM International Home Resort LLC,0010y00001io6LqAAI,,2020-12-05
NextPax,2023-08-29,PMSC,iTravelPropertyManagementLLC,VR_PM iTravel Property Management LLC,0010y00001thMPnAAM,,2021-11-10
NextPax,2023-08-29,PMSC,iTripFortMyersBeach,VR_PM iTrip Fort Myers Beach,0010y00001dWOSBAA4,,2025-02-05
NextPax,2023-08-29,PMSC,iTripVacationsAspenSnowmass,VR_PM iTrip Aspen Snowmass,0010y00001oAjODAA0,,2025-03-03
NextPax,2023-08-29,PMSC,kissimmeeanddavenportvrinc,VR_PM Kissimmee and Davenport VR Inc,0010y00001mVXjFAAW,,NEVER
NextPax,2023-08-29,PMSC,LakeshoreRentals,VR_PM Lakeshore Rentals,0010y00001c3WBOAA2,,2023-04-21
NextPax,2023-08-29,PMSC,lostbeachvacations,VR_PM Lost Beach Vacations,0010y00001fciBpAAI,,2019-07-29
NextPax,2023-08-29,PMSC,LTDCapital,VR_PM LTD Capital,0010y00001eZg5aAAC,PM switched to Guesty,2022-03-31
NextPax,2023-08-29,PMSC,ltdmysdrentals,VR_PM LTD-My SD Rentals,0010y00001ioEX7AAM,,NEVER
NextPax,2025-05-30,PMSC,luxuryrentalsmiamibeach,VR_PM Luxury Rentals Miami Beach,0010y00001YADbgAAH,,
NextPax,2023-08-29,PMSC,MagicalOrlandoResorts,VR_PM Magical Orlando Resorts,0010y00001dJL33AAG,,2019-03-11
NextPax,2023-08-29,PMSC,MOFreedomVacationRentalsLLC,VR_PM (MO) Freedom Vacation Rentals LLC,0010y00001fdbETAAY,,2023-01-27
NextPax,2023-08-29,PMSC,MountainEscapes,VR_PM Mountain Escapes Properties,0010y00001cJuLBAA0,,2022-04-06
NextPax,2023-08-29,PMSC,MountainLaurelCabinRentals,VR_PM Mountain Laurel Cabin Rentals,0010y00001dVEN7AAO,,2019-03-21
NextPax,2023-08-29,PMSC,MountaintopRealty,VR_PM Mountaintop Realty,0010y00001dwSvaAAE,,2022-06-30
NextPax,2023-08-29,PMSC,MtBakerLodgingInc,VR_PM Mt. Baker Lodging Inc.,0010y00001fbdPsAAI,,
NextPax,2023-08-29,PMSC,mymountaincabinrentals,VR_PM My Mountain Cabin Rentals,0010y00001h2Pf5AAE,,2019-09-26
NextPax,2023-08-29,PMSC,myrtlebeachvacationstations,VR_PM Myrtle Beach Vacation Stations,0010y00001i0wLiAAI,,NEVER
NextPax,2023-08-29,PMSC,MyrtleBeachVacationStationsUSD,VR_PM Myrtle Beach Vacation Stations,0010y00001i0wLiAAI,,2020-06-22
NextPax,2023-08-29,PMSC,NaturalElementsVacationRentals,VR_PM Natural Elements Rentals,0010y00001c0yY9AAI,,NEVER
NextPax,2023-08-29,PMSC,OptimaxVacationRentals,VR_PM Optimax Vacation Rentals,0010y00001dX2FUAA0,,2021-11-12
NextPax,2023-08-29,PMSC,orlandoshorttermllc,VR_PM Orlando Short Term LLC,0010y00001imHobAAE,,2025-03-16
NextPax,2023-08-29,PMSC,PalmBeachVacationHomesInc,VR_PM Palm Beach Vacation Homes Inc,0010y00001n9MJkAAM,,2024-09-27
NextPax,2023-08-29,PMSC,ParadiseCanyonGolfResortCompanyInc,VR_PM Paradise Canyon Golf Resort Company Inc,0010y00001lTrWMAA0,,2020-06-22
NextPax,2023-08-29,PMSC,ParadiseResortVacations,NOT FOUND,NOT FOUND,,2023-07-21
NextPax,2023-08-29,PMSC,PremierResortPropertiesLLC,VR_PM Premier Resort Properties LLC (iTrip Orlando),0010y00001oArZwAAK,,2025-02-22
NextPax,2023-08-29,PMSC,pricemorganvacationrentalsllc,VR_PM Price Morgan Vacation Rentals LLC,0010y00001lT8e0AAC,,2025-03-18
NextPax,2023-08-29,PMSC,RedRoseInvestmentsLLC,VR_PM Red Rose Investments LLC,0010y00001lSkTRAA0,,2025-02-16
NextPax,2023-08-29,PMSC,redsandsvacationproperties,VR_PM Red Sands Vacation Properties,0010y00001fcnFeAAI,,2020-02-26
NextPax,2023-08-29,PMSC,Rentvail,"RentVail,LLC",0018b000022dvzJAAQ,,2023-06-07
NextPax,2023-08-29,PMSC,sandbanksvacationstours,VR_PM Sandbanks Vacations & Tours,0010y00001kJzWEAA0,,2020-02-18
NextPax,2023-08-29,PMSC,SarasotaBeachVacationsLLCUS,VR_PM Sarasota Beach Vacations LLC (iTrip Sarasota),0010y00001i15KRAAY,,2025-03-11
NextPax,2023-08-29,PMSC,SauerlandBookingsGbR,VR_PM SauerlandBookings GbR,0010y00001lTN3EAAW,,NEVER
NextPax,2023-08-29,PMSC,shorttermrentalmanager,VR_PM Short Term Rental Manager,0010y00001gGW5uAAG,,2022-07-11
NextPax,2023-08-29,PMSC,snakeriversportingclub,VR_PM Snake River Sporting Club,0010y00001jDZFDAA4,,2022-08-26
NextPax,2023-08-29,PMSC,StarheelProperties,VR_PM Starheel Properties,0010y00001d7ZXIAA2,,2022-11-12
NextPax,2023-08-29,PMSC,stoweresorthomes,VR_PM Stowe Resort Homes,0010y00001gGh64AAC,,2021-02-23
NextPax,2023-08-29,PMSC,summioparcsbv,VR_PM Summio Parcs,0018b00002ft4DsAAI,,2025-03-17
NextPax,2023-08-29,PMSC,SummitCove,VR_PM SummitCove,0010y00001YAslxAAD,,2025-01-02
NextPax,2023-08-29,PMSC,sunlitvacationrentalsllc,VR_PM Sunlit Vacation Rentals LLC,0010y00001cHhAlAAK,,2025-02-04
NextPax,2023-08-29,PMSC,sunnydreamsfactoryllc,VR_PM Sunny Dreams Factory,0010y00001eY7qoAAC,,2021-05-12
NextPax,2023-08-29,PMSC,TeamWProperties,VR_PM TEAM W PROPERTIES CORP,0010y00001a3ovKAAQ,,2019-01-30
NextPax,2023-08-29,PMSC,tenneyrealtyservices,VR_PM Tenney Realty Services,0010y00001feu3GAAQ,,NEVER
NextPax,2023-08-29,PMSC,thecampbend,VR_PM The Camp Bend,0010y00001fOJ3fAAG,,2019-09-26
NextPax,2023-08-29,PMSC,tmcvacationrentals,VR_PM TMC Vacation Rentals,0010y00001fcl68AAA,,2023-12-06
NextPax,2023-08-29,PMSC,Toislandstravel,VR_PM To Islands Travel d.o.o. - DO NOT USE ANYMORE ACQUIRED BY VR_PM ADRIAGATE- 30.9.24,0018b00001wAH8LAAW,,2024-07-21
NextPax,2023-08-29,PMSC,TropicalVillasOrlando,VR_PM Tropical Villas Orlando,0010y00001dwbv6AAA,,NEVER
NextPax,2023-08-29,PMSC,tshonlinebuchungsgmbh,VR_PM Travanto,0010y00001kIJpKAAW,,2023-03-31
NextPax,2023-08-29,PMSC,TwoCasitas,"VR_PM Two Casitas, Santa Fe Vacation Rentals LLC",0010y00001bfaG0AAI,,2022-05-23
NextPax,2023-08-29,PMSC,VacationCapitalGroupManagementLLCUSD,VR_PM Vacation Capital Group Management LLC,0010y00001iqBzfAAE,,2024-08-23
NextPax,2023-08-29,PMSC,vailvillagerentals,VR_PM Vail Village Rentals,0010y00001imvfCAAQ,,2021-10-30
NextPax,2023-08-29,PMSC,VallartaDreamRentals,NOT FOUND,NOT FOUND,,NEVER
NextPax,2023-08-29,PMSC,VestevaRentals,VR_PM Vesteva Rentals (disabled),0010y00001eXKslAAG,,2021-03-15
NextPax,2023-08-29,PMSC,vistacayresortdirect,VR_PM Vista Cay Resort Direct,0010y00001dvWTkAAM,,2024-06-26
NextPax,2023-08-29,PMSC,wvrcottages,NOT FOUND,NOT FOUND,,2018-10-18
NextPax,2023-08-29,PMSC,wvrhoseasons,NOT FOUND,NOT FOUND,,NEVER
NextPax,2023-08-29,PMSC,CityRelay,VR_PM City Relay,0010y00001YBpG7AAL,,2023-08-30
RedAwning,2023-08-28,PMIS,<blank>,VR_PM RedAwning,0010y00001a4Y9fAAE,,
RentalsUnited,2024-08-29,PMSC,3VILLAS,3VILLAS,0010y00001dwd42AAA,,2020-02-18
RentalsUnited,2024-08-29,PMSC,5StarVillaHolidays,VR_PM 5 Star Villa Holidays,0010y00001gDANbAAO,,2023-06-12
RentalsUnited,2024-08-29,PMSC,Abbp,ABBP,0010y00001aqXmdAAE,,NEVER
RentalsUnited,2024-08-29,PMSC,abodela,NOT FOUND,NOT FOUND,,2023-07-19
RentalsUnited,2024-08-29,PMSC,AD8UKLimited,"VR_PM A,D8 UK Limited",0010y00001hG5wMAAS,,2023-12-11
RentalsUnited,2024-08-29,PMSC,AirAgentsSouthAfrica,VR_PM AirAgents South Africa,0010y00001jDWAbAAO,,2025-01-17
RentalsUnited,2024-08-29,PMSC,AirbetterHolidayHomesLLC,VR_PM AIRBETTER HOLIDAY HOMES L.L.C,0010y00001lLpeYAAS,,2025-03-27
RentalsUnited,2024-08-29,PMSC,Airbristol,VRPM Airbristol,0010y00001ZNXNyAAP,,2018-05-23
RentalsUnited,2024-08-29,PMSC,AirHop,VRPM AirHop,0010y00001a0n8IAAQ,,2019-03-15
RentalsUnited,2024-08-29,PMSC,AirManaged,VR_PM AirManaged,0010y00001ZNbGlAAL,,2018-02-22
RentalsUnited,2024-08-29,PMSC,AirManageSuffolk,VR_PM Air Manage Suffolk,0010y00001iS9hwAAC,,2024-01-31
RentalsUnited,2024-08-29,PMSC,AirPeaceofMind,VR_PM Air Peace of Mind,0010y00001lMsghAAC,,2025-03-24
RentalsUnited,2024-08-29,PMSC,AllInVacation,VR_PM All In Vacation LLC,0010y00001kyj6mAAA,,2020-07-21
RentalsUnited,2024-08-29,PMSC,AlloggioManagement,VR_PM Port Stephens Accommodation  (INACTIVE),0010y00001XvANXAA3,,2020-11-10
RentalsUnited,2024-08-29,PMSC,AlohaVacationVillas,VR_PM Aloha Vacation Villas,0010y00001oX9VMAA0,,2020-11-10
RentalsUnited,2024-08-29,PMSC,AngelHostInc,VR_PM Angel Host Inc- Canada,0010y00001cKXajAAG,,2021-10-26
RentalsUnited,2024-08-29,PMSC,AnnaMariaIslandBeachRentalsInc,VR_PM Anna Maria Island Beach Rentals Inc,0010y00001a3ovcAAA,,2025-01-06
RentalsUnited,2024-08-29,PMSC,AnnapolisCapitalPartners,VR_PM Annapolis Capital Partners,0010y00001kKSrtAAG,,2020-03-12
RentalsUnited,2024-08-29,PMSC,ArubaHolidayRentals,NOT FOUND,NOT FOUND,Not contracted,NEVER
RentalsUnited,2024-08-29,PMSC,aslagency,VR_PM ASL Agency d.o.o.,0010y00001cKNU7AAO,,2019-04-23
RentalsUnited,2024-08-29,PMSC,AtlantaLuxuryRentals,VR_PM Atlanta Luxury Rentals,0010y00001dvY3ZAAU,,2019-09-26
RentalsUnited,2024-08-29,PMSC,AvantStay,VR_PM AvantStay,0010y00001fVoEOAA0,,2025-03-28
RentalsUnited,2024-08-29,PMSC,AzureOnline,VR_PM Azure Online,0010y00001X87B9AAJ,,2023-09-19
RentalsUnited,2024-08-29,PMSC,BetterVacations,Better Vacations,NOT FOUND,,2020-04-17
RentalsUnited,2024-08-29,PMSC,BetterVacationsEUR,NOT FOUND,NOT FOUND,,2019-06-25
RentalsUnited,2024-08-29,PMSC,BHomyServicosAdministrativosLtda,VR_PM B-Homy Serviços Administrativos Ltda,0010y00001bKc34AAC,,2019-09-27
RentalsUnited,2024-08-29,PMSC,BnbManager,VR_PM BnbManager,0010y00001jfrbdAAA,,2022-09-12
RentalsUnited,2024-08-29,PMSC,BookingsForYou,Bookings For You,NOT FOUND,,2019-04-12
RentalsUnited,2024-08-29,PMSC,BOOKSXM,NOT FOUND,NOT FOUND,,2020-02-19
RentalsUnited,2024-08-29,PMSC,BoundlessHousing,VR_PM Boundless Housing,0010y00001Xtsu2AAB,,2025-01-20
RentalsUnited,2024-08-29,PMSC,BreckMountainManagers,NOT FOUND,NOT FOUND,,2018-05-04
RentalsUnited,2024-08-29,PMSC,BrightHolidayAccomodationAUD,Bright Holiday Accomodation,NOT FOUND,,2019-03-11
RentalsUnited,2024-08-29,PMSC,BRIGHTONGETAWAYSLTD,VR_PM BRIGHTON GETAWAYS LTD,0010y00001a3p3LAAQ,,2024-10-29
RentalsUnited,2024-08-29,PMSC,BuenaVistaHolidays,VR_PM Buena Vista Holidays,0010y00001aXoLXAA0,,2024-08-17
RentalsUnited,2024-08-29,PMSC,BuenaVistaHolidaysUSD,NOT FOUND,NOT FOUND,,NEVER
RentalsUnited,2024-08-29,PMSC,calamarquesa,VR_PM Cala Marquesa,0010y00001cHvHUAA0,,2021-08-24
RentalsUnited,2024-08-29,PMSC,CAPETOWNHOLIDAYAPARTMENTS,VR_PM CAPE TOWN HOLIDAY APARTMENTS,0010y00001a3pCdAAI,,2025-03-04
RentalsUnited,2024-08-29,PMSC,CapitaliaLiving,VR_PM Capitalia Living,0010y00001lNZGMAA4,,2020-03-12
RentalsUnited,2024-08-29,PMSC,CarbisBayHolidays,VR_PM Carbis Bay Holidays,0010y00001fLJP5AAO,,2019-07-23
RentalsUnited,2024-08-29,PMSC,CasiolaLLC,VR_PM Casiola LLC,0010y00001kIw7UAAS,,2025-03-24
RentalsUnited,2024-08-29,PMSC,CCProperties,VR_PM CC Properties,0010y00001kxtZiAAI,,2020-02-17
RentalsUnited,2024-08-29,PMSC,CENTURY21ConollyHayGroup,VR_PM CENTURY 21 Conolly Hay Group,0010y00001fc8nSAAQ,,2019-07-23
RentalsUnited,2024-08-29,PMSC,ChapawuProperties,VR_PM Chapawu Properties LLC,0010y00001bfUQjAAM,,2025-03-24
RentalsUnited,2024-08-29,PMSC,CinnamonShores,VR_PM Cinnamon Shores,0010y00001dY7x5AAC,,2025-03-19
RentalsUnited,2024-08-29,PMSC,ClearskyProperties,Clearsky Properties Ltd,NOT FOUND,,2020-06-10
RentalsUnited,2024-08-29,PMSC,CocoonR,VR_PM CocoonR,0010y00001XvFDuAAN,,2020-09-18
RentalsUnited,2024-08-29,PMSC,COMPASSPROPERTYSERVICES,VR_PM COMPASS PROPERTY SERVICES,0010y00001c3MTNAA2,,2020-03-13
RentalsUnited,2024-08-29,PMSC,condadolagoonhospitality,VR_PM Condado Lagoon Hospitality LLC,0010y00001a22U7AAI,,2018-10-02
RentalsUnited,2024-08-29,PMSC,condopolitan,VR_PM Condopolitan,0010y00001bdVY4AAM,,2019-02-11
RentalsUnited,2024-08-29,PMSC,CorpHousingLLC,VR_PM CorpHousing LLC,0010y00001ji3auAAA,,2022-04-13
RentalsUnited,2024-08-29,PMSC,CostaCarpeDiem,VR_PM Costa Carpe Diem,0010y00001jDWKhAAO,,2019-12-09
RentalsUnited,2024-08-29,PMSC,CountryValuesHolidayHomes,VR_PM The trustee for The Hyne Family Trust (Country Values Holiday Homes),0010y00001fcaWHAAY,,2019-10-29
RentalsUnited,2024-08-29,PMSC,CozyGroupSouthLLC,VR_PM Cozy Group South LLC,0010y00001a1JYpAAM,,2022-07-11
RentalsUnited,2024-08-29,PMSC,CozyLivingSuitesInc,VR_PM Cozy Living Suites Inc,0010y00001cHhbJAAS,,2019-06-07
RentalsUnited,2024-08-29,PMSC,CozyPropertyManagementPtyLtd,VR_PM Cozy Property Management Pty Ltd (INACTIVE),0010y00001dk1ffAAA,,2019-09-11
RentalsUnited,2024-08-29,PMSC,CozySuites,VR_PM Cozy Suites,0010y00001lwvm7AAA,,2022-11-18
RentalsUnited,2024-08-29,PMSC,CRIDOMbyDGA,VR_PM CRIDOM by DGA,0010y00001kKg6jAAC,,2021-03-31
RentalsUnited,2024-08-29,PMSC,CroWonder,NOT FOUND,NOT FOUND,,2019-02-12
RentalsUnited,2024-08-29,PMSC,CroydeHolidays,VR_PM Croyde Holidays LTD,0010y00001cx9GqAAI,,2025-03-15
RentalsUnited,2024-08-29,PMSC,CubaHomes,VR_PM Cuba Homes,0010y00001fdBO3AAM,,2019-10-28
RentalsUnited,2024-08-29,PMSC,DenStays,VR_PM DenStays,0010y00001eZqqOAAS,,2019-08-07
RentalsUnited,2024-08-29,PMSC,designedvr,VR_PM DesignedVR,0010y00001bIyqRAAS,,2025-03-12
RentalsUnited,2024-08-29,PMSC,DestadaProperties,NOT FOUND,NOT FOUND,,2021-02-25
RentalsUnited,2024-08-29,PMSC,DestinationStaysDS,VR_PM Destination Stays DS,0010y00001QMWVEAA5,,NEVER
RentalsUnited,2024-08-29,PMSC,DHProperties,VR_PM DH Properties,0010y00001cKQz5AAG,,
RentalsUnited,2024-08-29,PMSC,DistinctiveNZ,VR_PM Distinctive NZ,0010y00001feI2pAAE,,2019-12-20
RentalsUnited,2024-08-29,PMSC,DivvyGroup,Divvy Group,0010y00001seeYUAAY,,NEVER
RentalsUnited,2024-08-29,PMSC,DREAMALGARVE,VR_PM DREAMALGARVE,0010y00001a3o5pAAA,,2023-12-14
RentalsUnited,2024-08-29,PMSC,DreamEspana,VR_PM Dream Espana,0010y00001jorFpAAI,,2020-02-05
RentalsUnited,2024-08-29,PMSC,Dreamproperties,VR_PM Dream properties,0010y00001hND0RAAW,,2020-04-30
RentalsUnited,2024-08-29,PMSC,DreamVillasLTD,VR_PM Dream Villas LTD,0010y00001dwfb8AAA,,2021-10-02
RentalsUnited,2024-08-29,PMSC,DriftrTravels,VR_PM Driftr Travels,0010y00001dxAPeAAM,,2020-01-02
RentalsUnited,2024-08-29,PMSC,DRListings,NOT FOUND,NOT FOUND,,2018-05-09
RentalsUnited,2024-08-29,PMSC,DropTheKeez,NOT FOUND,NOT FOUND,,2018-11-19
RentalsUnited,2024-08-29,PMSC,DubaisaAtlanticRealty,VR_PM Dubaisa Atlantic Realty,0010y00001dl79bAAA,,2022-11-07
RentalsUnited,2024-08-29,PMSC,EarthSeaandSkyVacations,VR_PM Earth Sea and Sky Vacations,0010y00001i0L7PAAU,,2021-06-01
RentalsUnited,2024-08-29,PMSC,Easydomus,VR_PM Easydomus,0010y00001gxmeBAAQ,,2019-09-27
RentalsUnited,2024-08-29,PMSC,EdinburghHolidayAccommodation,VR_PM Edinburgh Holiday Accommodation,0010y00001kIqcCAAS,,2023-01-13
RentalsUnited,2024-08-29,PMSC,EldersRealEstate,NOT FOUND,NOT FOUND,,2020-12-17
RentalsUnited,2024-08-29,PMSC,EliteVirtualBrokerage,NOT FOUND,NOT FOUND,,2018-11-26
RentalsUnited,2024-08-29,PMSC,EmeraldStay,NOT FOUND,NOT FOUND,,2019-11-22
RentalsUnited,2025-05-26,PMSC,EnjoyApartments,VR_PM Enjoy Apartments,001PE00000QQ6IxYAL,,
RentalsUnited,2024-08-29,PMSC,ETVOUS,VR_PM ETVOUS,0010y00001inAMvAAM,,2020-02-26
RentalsUnited,2024-08-29,PMSC,EvolveVacationRental,VR_PM Evolve Vacation Rental,0010y00001lSdgHAAS,,2025-03-29
RentalsUnited,2024-08-29,PMSC,ExmouthHolidays,VR_PM Exmouth Holidays (INACTIVE),0010y00001fcaZaAAI,,2019-09-04
RentalsUnited,2024-08-29,PMSC,FBMHolidays,NOT FOUND,NOT FOUND,,2021-02-15
RentalsUnited,2024-08-29,PMSC,FinquesPalandriu,VR_PM Finques Palandriu,0010y00001ipUKeAAM,,2020-02-19
RentalsUnited,2024-08-29,PMSC,FirstNationalRealEstateBribieIsland,VR_PM First National Real Estate Bribie Island,0010y00001gDZ8IAAW,,2021-06-17
RentalsUnited,2024-08-29,PMSC,flatmanager,NOT FOUND,NOT FOUND,,2019-05-22
RentalsUnited,2024-08-29,PMSC,floridascandivacationhomes,NOT FOUND,NOT FOUND,,2019-02-04
RentalsUnited,2024-08-29,PMSC,FloridaSunVR,VR_PM Florida Sun VR,0010y00001dVtzmAAC,,2019-08-14
RentalsUnited,2024-08-29,PMSC,FlyingJamonLtd,VR_PM Flying Jamon Ltd,0010y00001ZNaadAAD,,2020-01-20
RentalsUnited,2024-08-29,PMSC,FlypHomes,VR_PM Flyp Homes LTD,0018b00002j0P3cAAE,,2025-03-28
RentalsUnited,2024-08-29,PMSC,FrankPorterVacationHomesRental,VR_PM Frank Porter Vacation Homes Rental,0010y00001jpE3fAAE,,2020-10-21
RentalsUnited,2024-08-29,PMSC,FromHometoRome,VR_PM From Home to Rome,0010y00001fVa9EAAS,,2019-09-16
RentalsUnited,2024-08-29,PMSC,FrontdeskLLC,VR_PM Frontdesk LLC (out of business),0010y00001a3oCfAAI,,2023-02-08
RentalsUnited,2024-08-29,PMSC,furnishedspaces,NOT FOUND,NOT FOUND,,NEVER
RentalsUnited,2024-08-29,PMSC,GenteelHome,VR_PM Genteel Home,0010y00001h3frfAAA,,2025-03-24
RentalsUnited,2024-08-29,PMSC,GestionApartamentosHispalisSL,VR_PM Gestion Apartamentos Hispalis SL,0010y00001kINaGAAW,,2020-06-18
RentalsUnited,2024-08-29,PMSC,GlobeApartments,NOT FOUND,NOT FOUND,,2018-05-24
RentalsUnited,2024-08-29,PMSC,GoHouse,VR_PM Go House,0010y00001dkFCxAAM,,2019-11-05
RentalsUnited,2024-08-29,PMSC,GuestWiser,NOT FOUND,NOT FOUND,,2019-01-23
RentalsUnited,2024-08-29,PMSC,HalkidikiTravelServices,VR_PM Halkidiki Travel Services,001PE00000PdKriYAF,,
RentalsUnited,2024-08-29,PMSC,HarmonyEscapes,VR_PM Harmony Escapes,0010y00001hMpVjAAK,,2020-02-14
RentalsUnited,2024-08-29,PMSC,HazRealtyLLC,VR_PM Haz Realty LLC,0010y00001i0ft1AAA,,2020-01-28
RentalsUnited,2024-08-29,PMSC,hedera,VR_PM Hedera,0010y00001bc5FSAAY,,2025-03-05
RentalsUnited,2024-08-29,PMSC,HelloApartmentsSitges,VR_PM Hello Apartments Sitges,0010y00001bd89eAAA,,2021-07-26
RentalsUnited,2024-08-29,PMSC,helphost,VR_PM HelpHost,0010y00001a404BAAQ,,2019-08-06
RentalsUnited,2024-08-29,PMSC,HeydayHostLtd,NOT FOUND,NOT FOUND,,2020-03-16
RentalsUnited,2024-08-29,PMSC,Highline,NOT FOUND,NOT FOUND,,2020-03-09
RentalsUnited,2024-08-29,PMSC,Hintown,NOT FOUND,NOT FOUND,,2020-02-17
RentalsUnited,2024-08-29,PMSC,HolidayNoosa,VR_PM Holiday Noosa,0010y00001jCB9tAAG,,2020-01-21
RentalsUnited,2024-08-29,PMSC,HolidayTravelChannel,VR_PM Holiday Travel Channel,0010y00001jpENHAA2,,2020-02-14
RentalsUnited,2024-08-29,PMSC,HomeByIDoGoodInc,VR_PM Home By I Do Good Inc,0010y00001jgEkaAAE,,2020-03-30
RentalsUnited,2024-08-29,PMSC,HOMEFROMHOMEMANAGEMENTLIMITED,VR_PM HOME FROM HOME MANAGEMENT LIMITED,0010y00001kHiBVAA0,,2020-02-13
RentalsUnited,2024-08-29,PMSC,HomelikeVillas,VR_PM Homelike Villas,0010y00001iTxXpAAK,,2020-04-21
RentalsUnited,2024-08-29,PMSC,Homelly,VR_PM Homelly,0010y00001bJCgdAAG,,2019-04-08
RentalsUnited,2024-08-29,PMSC,HomePartnerSARentals,VR_PM Home Partner SA Rentals,0010y00001kyX0NAAU,,2025-01-31
RentalsUnited,2024-08-29,PMSC,HomeSliceStays,VR_PM HomeSlice Stays,0010y00001kHouMAAS,,2020-05-18
RentalsUnited,2024-08-29,PMSC,HomingBirdRental,NOT FOUND,NOT FOUND,,2019-07-18
RentalsUnited,2024-08-29,PMSC,HostandCo,VR_PM Host and Co,0010y00001dvY3yAAE,,2020-03-23
RentalsUnited,2024-08-29,PMSC,HosteLLC,VR_PM Hoste LLC,0010y00001bbkLWAAY,,2022-02-25
RentalsUnited,2024-08-29,PMSC,Hostie,VR_PM Hostie,0010y00001bcPAiAAM,,2020-01-02
RentalsUnited,2024-08-29,PMSC,HostMaker,NOT FOUND,NOT FOUND,,2018-05-04
RentalsUnited,2024-08-29,PMSC,Houst,VR_PM Houst,0010y00001Y9ikXAAR,,2021-03-03
RentalsUnited,2024-08-29,PMSC,IntteliFunRentals,VR_PM Intteli Vacation Homes (Intteli Fun Rentals),0018b00001v8O3QAAU,,2024-04-26
RentalsUnited,2024-08-29,PMSC,InverlochAccommodation,VR_PM DBA Stockdale & Leggo Inverloch (Inverloch Accommodation) (inactive),0010y00001dkjouAAA,,2021-07-27
RentalsUnited,2024-08-29,PMSC,IPGFloridaVacationHomesUSD,VR_PM IPG Florida Vacation Homes,0010y00001kyF5WAAU,,2024-05-01
RentalsUnited,2024-08-29,PMSC,istrialuxuryrent,NOT FOUND,NOT FOUND,,2019-03-14
RentalsUnited,2024-08-29,PMSC,Italianway,VR_PM Italianway,0010y00001YAr7nAAD,,2025-03-26
RentalsUnited,2024-08-29,PMSC,itinerevillas,NOT FOUND,NOT FOUND,,2019-01-29
RentalsUnited,2025-04-28,PMSC,JadeCaps,VR_PM JadeCaps,0018b00002e6NTMAA2,,2025-05-01
RentalsUnited,2024-08-29,PMSC,JefferyConciergerieLimited,NOT FOUND,NOT FOUND,,2019-12-10
RentalsUnited,2024-08-29,PMSC,jemtrade,NOT FOUND,NOT FOUND,,2019-06-14
RentalsUnited,2024-08-29,PMSC,Jurny,VR_PM Jurny,0010y00001lx7NJAAY,,2023-03-14
RentalsUnited,2024-08-29,PMSC,JurnyISL,VR_PM Jurny,0010y00001lx7NJAAY,,NEVER
RentalsUnited,2024-08-29,PMSC,JurnyMEX,VR_PM Jurny,0010y00001lx7NJAAY,,NEVER
RentalsUnited,2024-08-29,PMSC,Kabino,VR_PM Kabino,0010y00001dXR2dAAG,,2025-02-20
RentalsUnited,2024-08-29,PMSC,Keywii,VR_PM Keywii,0010y00001anqf4AAA,,2020-01-23
RentalsUnited,2024-08-29,PMSC,Kingscliff,VR_PM TWEED COAST HOLIDAYS PTY LTD,0010y00001YlzeaAAB,,2018-05-07
RentalsUnited,2024-08-29,PMSC,KMACapitalCorporationdbaKBMResorts,VR_PM KMA Capital Corporation dba KBM Resorts,0010y00001a3olRAAQ,,2025-03-22
RentalsUnited,2024-08-29,PMSC,KozyGuru,VR_PM Kozy Guru,0010y00001d7TQqAAM,,2020-02-28
RentalsUnited,2024-08-29,PMSC,kylinpropertymanagement,NOT FOUND,NOT FOUND,,2019-02-25
RentalsUnited,2024-08-29,PMSC,LakeLovers,NOT FOUND,NOT FOUND,,2018-05-10
RentalsUnited,2024-08-29,PMSC,LannisterProperty,VR_PM Lannister Property,0010y00001eVxcqAAC,,2020-03-06
RentalsUnited,2024-08-29,PMSC,LetsRoost,VR_PM Lets Roost,0010y00001kyXWLAA2,,2020-02-27
RentalsUnited,2024-08-29,PMSC,LiveKasa,VR_PM Live Kasa,0010y00001a3odsAAA,,2023-11-01
RentalsUnited,2024-08-29,PMSC,livethegulfcoast,VR_PM Live the Gulf Coast VR,0010y00001cKh7OAAS,,2019-03-08
RentalsUnited,2024-08-29,PMSC,LJHookerHarrington,VR_PM ELMER REAL ESTATE PTY. LIMITED (LJ Hooker Harrington),0010y00001dwcveAAA,,2020-02-19
RentalsUnited,2024-08-29,PMSC,LJHookerPeregianBeach,VR_PM Lyn Wildman Real Estate Pty Limited (L J Hooker Peregian Beach),NOT FOUND,No Core OTA,2019-08-08
RentalsUnited,2024-08-29,PMSC,LLOGUERCERDANYA,VR_PM LLOGUER CERDANYA,0010y00001fMTBSAA4,,2019-12-11
RentalsUnited,2024-08-29,PMSC,Locatour,VR_PM Locatour,0010y00001iSPp8AAG,,2024-11-25
RentalsUnited,2024-08-29,PMSC,LondonBasePropertiesLTD,VR_PM London Base Properties LTD,0010y00001kHClqAAG,,NEVER
RentalsUnited,2024-08-29,PMSC,LoveSud,VR_PM LoveSud,0010y00001a2wN1AAI,,2020-02-06
RentalsUnited,2024-08-29,PMSC,LudernaApartamentos,VR_PM Luderna Apartamentos,0010y00001hlNLdAAM,,2021-04-26
RentalsUnited,2024-08-29,PMSC,LuxuryRentalsMadrid,VR_PM Luxury Rentals Madrid,0010y00001jDWkGAAW,,2021-11-22
RentalsUnited,2024-08-29,PMSC,LUXURYVILLASANDHOMES,VR_PM LUXURY VILLAS AND HOMES,0010y00001a3pdqAAA,,2025-02-06
RentalsUnited,2024-08-29,PMSC,MallorcaFarmhouses,VR_PM Mallorca Farmhouses,0010y00001ga55ZAAQ,,2019-09-18
RentalsUnited,2024-08-29,PMSC,MarbellaLane,VR_PM Marbella Lane,0010y00001c3MCfAAM,,2025-03-31
RentalsUnited,2024-08-29,PMSC,MasterSuites,VR_PM Master Suites,0010y00001lTlmpAAC,,2020-05-04
RentalsUnited,2024-08-29,PMSC,McGrathEstateAgentsCoffsHarbour,VR_PM McGrath Estate Agents Coffs Harbour (inactive),0010y00001kJsPOAA0,,2023-03-09
RentalsUnited,2024-08-29,PMSC,MHBPropertyManagementInc,VR_PM MHB Property Management Inc,0010y00001oBYoyAAG,,2020-10-19
RentalsUnited,2024-08-29,PMSC,MidtownStays,VR_PM Midtown Stays,0010y00001fWq8EAAS,,NEVER
RentalsUnited,2024-08-29,PMSC,MidwayVacations,VR_PM Midway Vacations,0018b00002glVSLAA2,,2024-11-11
RentalsUnited,2024-08-29,PMSC,MNMCompanies,VR_PM MNM Companies,0010y00001aIIqPAAW,,2022-03-18
RentalsUnited,2024-08-29,PMSC,MonopolyManagement,NOT FOUND,NOT FOUND,,2019-02-28
RentalsUnited,2024-08-29,PMSC,MoraddaVacationHomes,VR_PM Moradda Vacation Homes LLC,0010y00001nR16aAAC,,2024-07-15
RentalsUnited,2024-08-29,PMSC,MorganReedGroup,VR_PM Morgan Reed Group,0010y00001f47h3AAA,,NEVER
RentalsUnited,2024-08-29,PMSC,MorzineImmobilier,NOT FOUND,NOT FOUND,,2019-02-25
RentalsUnited,2024-08-29,PMSC,MinnestayLLC,VR_PM Minnestay LLC,0010y00001cqurkAAA,,2024-09-30
RentalsUnited,2024-08-29,PMSC,MtLLivE,VR_PM MTL LIVE,0010y00001d8xwxAAA,,2020-09-07
RentalsUnited,2024-08-29,PMSC,mycityapartments,NOT FOUND,NOT FOUND,,NEVER
RentalsUnited,2024-08-29,PMSC,MyExtraHomeM,VR_PM My Extra Home M,0010y00001a3p7bAAA,,
RentalsUnited,2024-08-29,PMSC,MyPropertyHost,VR_PM My Property Host,0010y00001dvLbDAAU,,NEVER
RentalsUnited,2024-08-29,PMSC,MyVacationHavenLLC,NOT FOUND,NOT FOUND,,2019-02-06
RentalsUnited,2024-08-29,PMSC,NaplesFLVH,VR_PM Naples FL VH,0010y00001ZoMAeAAN,,2021-09-07
RentalsUnited,2024-08-29,PMSC,NetLetProperties,VR_PM NetLet Properties,0010y00001mVkViAAK,,2020-07-20
RentalsUnited,2024-08-29,PMSC,NorthWalesHolidayCottages,VR_PM North Wales Holiday Cottages,0010y00001kzivWAAQ,,2020-09-25
RentalsUnited,2024-08-29,PMSC,OceanDeluxeLLC,VR_PM Ocean Deluxe LLC,0010y00001nj7S1AAI,,2020-09-02
RentalsUnited,2024-08-29,PMSC,OnefinestayEUR,VR_PM OneFineStay,0010y00001aGBRFAA4,,2020-03-12
RentalsUnited,2024-08-29,PMSC,OnefinestayGBP,VR_PM OneFineStay,0010y00001aGBRFAA4,,2025-02-11
RentalsUnited,2024-08-29,PMSC,OnefinestayUSD,VR_PM OneFineStay,0010y00001aGBRFAA4,,2024-07-09
RentalsUnited,2025-07-04,PMSC,OneVacationHomeInc,VR_PM One Vacation Home Inc,0010y00001ip6RGAAY,,
RentalsUnited,2024-08-29,PMSC,OptinestHoldingsPtyLtd,VR_PM Optinest Holdings Pty Ltd,0010y00001cHtEwAAK,,2020-08-03
RentalsUnited,2024-08-29,PMSC,OrangeRoofs,VRPM Orange Roofs,0010y00001aqp3kAAA,,2018-11-19
RentalsUnited,2024-08-29,PMSC,PalmettoVacations,VR_PM Palmetto Vacations,0010y00001a3pKzAAI,,2024-02-22
RentalsUnited,2024-08-29,PMSC,Pama,VR_PM Pama Properties,0010y00001a4dJWAAY,,2019-03-12
RentalsUnited,2024-08-29,PMSC,"ParishPropertyManagement,LLCDBARedamo","VR_PM Parish Property Management, LLC. DBA Redamo",0010y00001lwxrNAAQ,,
RentalsUnited,2024-08-29,PMSC,ParisianHome,VR_PM Parisian Home,0010y00001a3qgwAAA,,2020-03-04
RentalsUnited,2024-08-29,PMSC,ParsonsVillas,NOT FOUND,NOT FOUND,,NEVER
RentalsUnited,2024-08-29,PMSC,PassTheKeysGBP,VR_PM Pass The Keys,0010y00001apFauAAE,,2022-02-04
RentalsUnited,2024-08-29,PMSC,PembrokeshirePropertyManagementLtd,VR_PM Pembrokeshire Property Management Ltd,0010y00001ixKKGAA2,,2025-02-27
RentalsUnited,2024-08-29,PMSC,PetraLuxuryProperties,VR_PM Petra Luxury Properties,NOT FOUND,,2020-02-04
RentalsUnited,2024-08-29,PMSC,PickThePlace,VR_PM PickThePlace,0010y00001ix0KzAAI,,2024-12-17
RentalsUnited,2024-08-29,PMSC,PlumGuide,VR_PM Plum Guide,0010y00001lT129AAC,,2021-07-28
RentalsUnited,2024-08-29,PMSC,PMBO,VR_PM PMBO,0010y00001ix1wUAAQ,,2020-11-26
RentalsUnited,2024-08-29,PMSC,PureservicedLtd,VR_PM Pureserviced Ltd,0010y00001iSaGvAAK,,2025-03-26
RentalsUnited,2024-08-29,PMSC,QualityCottages,VR_PM Quality cottages,0010y00001dkEXtAAM,,NEVER
RentalsUnited,2025-04-30,PMSC,QuaintCottages,VR_PM Quaint Cottages,0010y00001a3pYWAAY,,
RentalsUnited,2024-08-29,PMSC,QuickRealtyLTD,VR_PM Quick Realty LTD,0010y00001ioPHHAA2,,2018-11-16
RentalsUnited,2024-08-29,PMSC,QuickStay,VR_PM QuickStay,0010y00001iSuy8AAC,,2019-12-19
RentalsUnited,2024-08-29,PMSC,RabbuInc,VR_PM Rabbu Inc,0010y00001kHFpOAAW,,2020-02-14
RentalsUnited,2024-08-29,PMSC,RafleysCostadelSol,VR_PM Rafleys Costa del Sol,0010y00001Y9gCuAAJ,,2020-03-12
RentalsUnited,2024-08-29,PMSC,RaineHorneMollymookMilton,VR_PM DALE & SONS PASTORAL PTY. LIMITED (Raine & Horne Mollymook/Milton),0010y00001f4SI6AAM,,2019-07-31
RentalsUnited,2024-08-29,PMSC,RaywhiteNormanville,VR_PM Raywhite Normanville,0010y00001bdo9EAAQ,,2021-05-25
RentalsUnited,2024-08-29,PMSC,RDAglobal,NOT FOUND,NOT FOUND,,2019-10-01
RentalsUnited,2024-08-29,PMSC,RENTALLAKECOMOSRL,VR_PM Rental Lake Como,0010y00001c3MXvAAM,,2025-03-18
RentalsUnited,2024-08-29,PMSC,RentalManagerLLC,VR_PM Rental Manager LLC,0010y00001oBusHAAS,,2023-11-26
RentalsUnited,2024-08-29,PMSC,ResortHomeNetwork,VR_PM Resort Home Network,0010y00001cxC1VAAU,,2022-05-09
RentalsUnited,2024-08-29,PMSC,Rexidence,VR_PM Rexidence Residential,0010y00001aY1A7AAK,,2019-01-24
RentalsUnited,2024-08-29,PMSC,romesweethome,NOT FOUND,NOT FOUND,,2019-05-20
RentalsUnited,2024-08-29,PMSC,RoomBubble,VR_PM Room Bubble,0010y00001eZiLyAAK,,2019-11-21
RentalsUnited,2024-08-29,PMSC,Saferent,VR_PM Saferent,0010y00001bJEuKAAW,,2025-03-29
RentalsUnited,2024-08-29,PMSC,Salcolacumbre,VR_PM Salco la Cumbre,0010y00001dXnJZAA0,,2019-09-17
RentalsUnited,2024-08-29,PMSC,SamsonWaters,VR_PM Samson Waters,0010y00001YAofRAAT,,2022-08-15
RentalsUnited,2024-08-29,PMSC,SeaBreezeVacationLLC,VR_PM SeaBreeze Vacation LLC,0010y00001hznGlAAI,,2020-06-08
RentalsUnited,2024-08-29,PMSC,SeaglassVillageCottages,NOT FOUND,NOT FOUND,,2019-03-06
RentalsUnited,2024-08-29,PMSC,SelectHomesLLCdbaBestBeachGetaways,VR_PM Select Homes LLC dba Best Beach Getaways,0010y00001iyQalAAE,,2022-04-18
RentalsUnited,2024-08-29,PMSC,SemesterBostaden,VR_PM Semester Bostaden,0010y00001dwH8OAAU,,2019-08-20
RentalsUnited,2024-08-29,PMSC,SICBManagement,VR_PM Happy Palm Stays,0010y00001a3osOAAQ,,2024-04-24
RentalsUnited,2024-08-29,PMSC,Sinbad,NOT FOUND,NOT FOUND,,2018-09-04
RentalsUnited,2024-08-29,PMSC,SinbadCuba,NOT FOUND,NOT FOUND,,NEVER
RentalsUnited,2024-08-29,PMSC,SinbadMX,NOT FOUND,NOT FOUND,,2018-06-12
RentalsUnited,2024-08-29,PMSC,SolmarVillasII,VR_PM Solmar Villas II,0010y00001dVj98AAC,,2025-03-19
RentalsUnited,2024-08-29,PMSC,StayDomio,"Domio, Inc. (Stay Domio)",0010y00001rlmxFAAQ,,2020-02-26
RentalsUnited,2024-08-29,PMSC,stayduvet,NOT FOUND,NOT FOUND,,NEVER
RentalsUnited,2024-08-29,PMSC,staygia,NOT FOUND,NOT FOUND,,2019-02-08
RentalsUnited,2024-08-29,PMSC,StayUnique,VR_PM Stay U-nique,0010y00001hrEFeAAM,,2025-02-27
RentalsUnited,2024-08-29,PMSC,StayWithDaveInc,VR_PM StayWithDave Inc,0010y00001lTklDAAS,,2022-03-05
RentalsUnited,2024-08-29,PMSC,StayWithEase,NOT FOUND,NOT FOUND,,2018-11-15
RentalsUnited,2024-08-29,PMSC,STRPropertiesInc,NOT FOUND,NOT FOUND,,2019-03-27
RentalsUnited,2024-08-29,PMSC,SummitCountyMountainRetreats,VR_PM Summit County Mountain Retreats,0011A00001RAOfxQAH,,2025-03-24
RentalsUnited,2024-08-29,PMSC,SummitMountainProperties,VR_PM Summit Mountain Properties,0010y00001ji0svAAA,,NEVER
RentalsUnited,2024-08-29,PMSC,SUNCABOVACATIONS,VR_PM Sun Cabo Vacations,0010y00001kxWnUAAU,,2020-03-23
RentalsUnited,2024-08-29,PMSC,SunParadiseVacationRentalLLC,VR_PM Sun Paradise Vacation Rental LLC,0010y00001kwZQcAAM,,2020-10-29
RentalsUnited,2025-04-29,PMSC,Sweet,VR_PM Sweet,0010y00001bdCzAAAU,,2025-05-01
RentalsUnited,2024-08-29,PMSC,tentrr,NOT FOUND,NOT FOUND,Not found for CORE OTA only for Vrbo,2019-02-25
RentalsUnited,2023-08-29,PMSC,TertataJelasManagement,VR_PM Tertata Jelas Management,0018b00002YHtE5AAL,,
RentalsUnited,2024-08-29,PMSC,ThalassaConsulting,VR_PM Stay Flok (formerly Thalassa Consulting),0010y00001fSf7NAAS,,2021-12-20
RentalsUnited,2024-08-29,PMSC,TheMarcopoloCollectioon,VR_PM The Marco Polo Collection,0010y00001jqN2oAAE,,2024-11-14
RentalsUnited,2024-08-29,PMSC,TheMarucaGroup,NOT FOUND,NOT FOUND,,2019-04-29
RentalsUnited,2024-08-29,PMSC,theredwoods,NOT FOUND,NOT FOUND,,2019-05-30
RentalsUnited,2024-08-29,PMSC,TheTrusteeforLoisBuckettUnitTrust,VR_PM The Trustee for Lois Buckett Unit Trust (Lois Buckett Investments Pty Ltd)  (INACTIVE),0010y00001gZM46AAG,,2019-10-14
RentalsUnited,2024-08-29,PMSC,TheVacationCompanyInc,VR_PM The Vacation Company Inc,0010y00001oAA2NAAW,,2022-09-21
RentalsUnited,2024-08-29,PMSC,ThisIsKalkan,VR_PM This Is Kalkan,0010y00001iyD2dAAE,,2020-01-20
RentalsUnited,2024-08-29,PMSC,TriesteVillas,VR_PM TriesteVillas,0010y00001ZA3IyAAL,,2019-11-29
RentalsUnited,2024-08-29,PMSC,TripKay,VR_PM Tripkay,0010y00001YBPvpAAH,,2021-11-24
RentalsUnited,2024-08-29,PMSC,TriumphMountain,NOT FOUND,NOT FOUND,,NEVER
RentalsUnited,2024-08-29,PMSC,UNAMHolidayLetting,VR_PM UNAM Holiday Letting,0010y00001fcnc7AAA,,2019-10-22
RentalsUnited,2024-08-29,PMSC,UnderTheDoormat,VR_PM Under The Doormat,0010y00001arE0vAAE,,2024-10-17
RentalsUnited,2024-08-29,PMSC,UrbanFlatNorthAmerica,VR_PM Urban Flat  North America,0010y00001d85gtAAA,,2019-11-05
RentalsUnited,2024-08-29,PMSC,UrbanGuest,NOT FOUND,NOT FOUND,"According to conf page this should be the company name : ""10391751 CANADA LTD."" but was not found in SF",2019-09-03
RentalsUnited,2024-08-29,PMSC,Urbeebee,VR_PM Roomerzz,0010y00001c0yhGAAQ,,2020-03-04
RentalsUnited,2024-08-29,PMSC,UrHomeInPhilly,VR_PM UrHomeInPhilly,0010y00001kyiycAAA,,2024-04-27
RentalsUnited,2024-08-29,PMSC,VacationHouseAmericaLLC,VR_PM Vacation House America LLC,0010y00001i0u5fAAA,,2022-04-15
RentalsUnited,2024-08-29,PMSC,VectorTravelUSD,VR_PM Vector Travel,0010y00001a1q4XAAQ,,2023-06-02
RentalsUnited,2024-08-29,PMSC,Veeve,VR_PM Veeve,0010y00001a3pJXAAY,,2020-03-03
RentalsUnited,2024-08-29,PMSC,VHCHospitalityLLC,VR_PM VHC Hospitality LLC,0010y00001a3pJoAAI,,2023-02-07
RentalsUnited,2024-08-29,PMSC,ViennaResidence,NOT FOUND,NOT FOUND,,2018-07-02
RentalsUnited,2024-08-29,PMSC,Villafinca,VR_PM Villafinca,0010y00001XuGHQAA3,,2025-03-10
RentalsUnited,2024-08-29,PMSC,VillaforYouBV,VR_PM Villa for You B.V.,0010y00001nkdngAAA,,2021-01-21
RentalsUnited,2024-08-29,PMSC,VillaGranCanaria,NOT FOUND,NOT FOUND,Not found for CORE OTA only for Vrbo,2021-11-17
RentalsUnited,2024-08-29,PMSC,VillaKey,VR_PM VillaKey,0010y00001a1q5fAAA,,2024-12-17
RentalsUnited,2024-08-29,PMSC,vrsantabarbara,NOT FOUND,NOT FOUND,,2019-02-20
RentalsUnited,2024-08-29,PMSC,VTrips-CarolinaRetreats,VR_PM VTrips - Carolina Retreats,0018b00002jkPsfAAE,,NEVER
RentalsUnited,2024-08-29,PMSC,VTrips-Southern,VR_PM VTrips - Southern Vacation Rentals,0010y00001ZnB3IAAV,,2025-03-26
RentalsUnited,2024-08-29,PMSC,VTrips-TaylorMade,VR_PM VTrips - Taylor-Made Deep Creek Vacations,0018b00001wAhokAAC,,NEVER
RentalsUnited,2024-08-29,PMSC,VTrips-Tybee,VR_PM VTrips - Tybee Vacation Rentals,0018b000024PKKtAAO,,NEVER
RentalsUnited,2024-08-29,PMSC,VTrips-VacationRentalPros,VR_PM VTrips - Vacation Rental Pros Property Management LLC,0010y00001lTwwTAAS,,NEVER
RentalsUnited,2024-08-29,PMSC,WanderJaunt,NOT FOUND,NOT FOUND,"Sf ownership account not found, according to confluence, they went out of business in June 30th, 2022",NEVER
RentalsUnited,2024-08-29,PMSC,WaterfrontHolidayHousesPtyLtd,VR_PM Waterfront Holiday Houses Pty Ltd (INACTIVE),0010y00001fe6GpAAI,,2020-03-30
RentalsUnited,2024-08-29,PMSC,WeRentRentals,VR_PM Dwell,0010y00001emxt5AAA,Spencer Udell changed the account name but never informed us,2025-03-28
RentalsUnited,2024-08-29,PMSC,Winwinnkeeper,VR_PM WinwinnKeeper,0010y00001ZNXOcAAP,,2019-09-25
RentalsUnited,2024-08-29,PMSC,WynwoodHouse,VR_PM Wynwood House,0010y00001kxTxVAAU,,2020-02-10
RentalsUnited,2024-08-29,PMSC,YMAccommodation,VR_PM YM Accommodation,0010y00001ZAPj0AAH,,2019-12-02
RentalsUnited,2024-08-29,PMSC,ZincNoosaRealEstatePtyLtd,VR_PM Zinc Noosa Real Estate Pty Ltd,0010y00001YAqwBAAT,,2020-07-30
RentalsUnited,2024-08-29,PMSC,ZonaMultifamilyLLC,VR_PM Zona Multifamily LLC,0010y00001oYUJlAAO,,NEVER
RentalsUnited,2024-08-29,PMSC,GoodNightStay,VR_PM GoodNight Stay,0018b00002UcgfJAAR,,
Sonder,N/A,PMIS,<blank>,VR_PM Sonder,0010y00001aBaLWAA0,,
SuperControl,N/A,PMSC,BOLTHOLESHIDEAWAYS3944,VR_PM Boltholes and Hideaways,0010y00001i06npAAA,,
SuperControl,N/A,PMSC,CHOICE671,VR_PM Choice Cottages,0010y00001bJX2PAAW,,
SuperControl,N/A,PMSC,CITYPADHOLIDAYLETS625,NOT FOUND,NOT FOUND,,
SuperControl,N/A,PMSC,CONNEMARALETTINGS3050,NOT FOUND,NOT FOUND,,
SuperControl,N/A,PMSC,CORNWALLSCOTTAGESLTD64,NOT FOUND,NOT FOUND,,
SuperControl,N/A,PMSC,GaelHolidayHomes,NOT FOUND,NOT FOUND,,
SuperControl,N/A,PMSC,ISLANDHOLIDAYHOMES2601,NOT FOUND,NOT FOUND,,
SuperControl,N/A,PMSC,KEYONEHOLIDAYHOMES4206,VR_PM Key One Holiday Home,0010y00001iq59fAAA,,
SuperControl,N/A,PMSC,MASSIMOVILLAS7778,VR_PM Massimo Villas,0010y00001iUCmZAAW,,
SuperControl,N/A,PMSC,MYRENTALHOMES6128,NOT FOUND,NOT FOUND,,
SuperControl,N/A,PMSC,NORTHCOASTPROPERTYMA3814,North Coast Property Management,0010y00001sTqYhAAK,,
SuperControl,N/A,PMSC,ORIONHOLIDAYS2941,VR_PM Orion Holidays,0010y00001inRyqAAE,,
SuperControl,N/A,PMSC,Orroland,NOT FOUND,NOT FOUND,,
SuperControl,N/A,PMSC,PORTSCATHOHOLIDAYS5909,VR_PM Portscatho Holidays,0010y00001aWn3xAAC,,
SuperControl,N/A,PMSC,QUAYHOLIDAYSLLP20439,VR_PM Quay Holidays,0010y00001a3pYYAAY,,
SuperControl,N/A,PMSC,RENTANIRISHCOTTAGE20139,NOT FOUND,NOT FOUND,,
SuperControl,N/A,PMSC,SMARTHOMERENTALSLTD369,VR_PM Smart Home Rentals,0010y00001ZNafxAAD,,
SuperControl,N/A,PMSC,SuffolkHideaways,VR_PM Suffolk Hideaways,0010y00001ZNaZpAAL,,
SuperControl,N/A,PMSC,SYKES13012,VR_PM Sykes Cottages,0010y00001aGBWUAA4,,
SuperControl,N/A,PMSC,TEN80HOLIDAYS11194,VR_PM TEN80 HOLIDAYS,0010y00001i0wCWAAY,,
SuperControl,N/A,PMSC,THEAMBERLEYHOUSECOTT387,VR_PM Amberley House Cottage Holidays,0010y00001aWn3sAAC,,
SuperControl,N/A,PMSC,THEREDHOUSECOMPANYDI5010,VR_PM The Red House Company,0010y00001c49ncAAA,,
SuperControl,N/A,PMSC,THEUKGREATTRAVELCOMP13462,NOT FOUND,NOT FOUND,,
Travelnest,2024-11-05,PMIS,<blank>,VR_PM Travelnest,0010y00001YBpPQAA1,,
TravelStaytion,2024-10-03,PMIS,<blank>,VR_PM Travelstaytion,0010y00001jCXR1AAO,,
VacayHomeConnect,N/A,PMIS,<blank>,VR_PM VacayHome Connect (PMIS EIDs),0018b00001weZLCAA2,,
VacayHomeConnect,N/A,PMSC,GrandWelcomeFranchisingLLC,VR_PM Grand Welcome Franchising LLC,0010y00001ioeslAAA,,
VacayHomeConnect,N/A,PMSC,MinnestayLLC,VR_PM Minnestay LLC,0010y00001cqurkAAA,,
VacayHomeConnect,N/A,PMSC,PadreGetawaysLLC,VR_PM Padre Getaways LLC,001C000001GQYrPIAX,,
YourRentals,2025-01-28,PMIS,<blank>,VR_PM your.rentals,0010y00001fehB7AAI,,
