Provider,Provider Property ID,Expedia ID,Property Manager,Name,Country Code,Public Code,Reason Codes,Messages,Is Live,Meets Go Live Requirements,Regulatory Compliant,Images,Images Minimum,Images Found,Amenities,Amenities Minimum,Amenities Found,Amenities Missing,Special Check-In Instructions,Property Contact,Business Model,Number of Bedrooms,Number of Bathrooms,Taxes,Property Name,Phone,Geo-Coordinates,Address,Structure Type,Currency,Active Products,Active Products Minimum,Active Products Found,Sufficient Inventory,Sufficient Inventory Minimum,Sufficient Inventory Found
RedAwning,502747,121268990,RedAwningHC,Big Island Waikoloa Hills 1203 2 Bedroom Condo,USA,OnboardingSucceeded,,,FALSE,FALSE,FALSE,FALSE,6,0,N/A,,,,N/A,TRUE,TRUE,TRUE,TRUE,TRUE,N/A,TRUE,TRUE,TRUE,TRUE,TRUE,FALSE,1,0,TRUE,1,1
RedAwning,502803,121236225,RedAwningHC,Hello Summer! (full House Rate) 4 Bedroom Villa,LCA,OnboardingSucceeded,,,FALSE,FALSE,N/A,TRUE,6,33,N/A,,,,N/A,TRUE,TRUE,TRUE,TRUE,TRUE,N/A,TRUE,TRUE,TRUE,TRUE,TRUE,TRUE,1,1,FALSE,1,0
RedAwning,502739,121161753,RedAwningHC,4 Tan Oak Lane 5 Bedroom Home,USA,OnboardingSucceeded,,,TRUE,TRUE,N/A,TRUE,6,50,N/A,,,,N/A,TRUE,TRUE,TRUE,TRUE,TRUE,N/A,TRUE,TRUE,TRUE,TRUE,TRUE,TRUE,1,1,TRUE,1,1
RedAwning,502796,121202130,RedAwningHC,Village At Breck Antero 1504 1 Bedroom Condo,USA,OnboardingSucceeded,,,TRUE,TRUE,N/A,TRUE,6,28,N/A,,,,N/A,TRUE,TRUE,TRUE,TRUE,TRUE,N/A,TRUE,TRUE,TRUE,TRUE,TRUE,TRUE,1,1,TRUE,1,1
RedAwning,502805,121236230,RedAwningHC,Hello Summer! (1-2 bedroom rate) 2 Villa,LCA,OnboardingSucceeded,,,TRUE,TRUE,N/A,TRUE,6,27,N/A,,,,N/A,TRUE,TRUE,TRUE,TRUE,TRUE,N/A,TRUE,TRUE,TRUE,TRUE,TRUE,TRUE,1,1,TRUE,1,1
RedAwning,502745,121202112,RedAwningHC,Casa Aria 4br Home & Heated Pool 4 Bedroom Home,USA,OnboardingSucceeded,,,FALSE,FALSE,FALSE,TRUE,6,63,N/A,,,,N/A,TRUE,TRUE,TRUE,TRUE,TRUE,N/A,TRUE,TRUE,TRUE,TRUE,TRUE,TRUE,1,1,TRUE,1,1
RedAwning,502714,121107870,RedAwningHC,Phoenix Gulf Shores Ii 2005 4 Bedroom Condo,USA,OnboardingSucceeded,,,TRUE,TRUE,N/A,TRUE,6,48,N/A,,,,N/A,TRUE,TRUE,TRUE,TRUE,TRUE,N/A,TRUE,TRUE,TRUE,TRUE,TRUE,TRUE,1,1,TRUE,1,156
RedAwning,502583,121161739,RedAwningHC,St. Louis Retreat With Game Room & Yard 3 Bedroom Home,USA,OnboardingSucceeded,,,TRUE,TRUE,N/A,TRUE,6,34,N/A,,,,N/A,TRUE,TRUE,TRUE,TRUE,TRUE,N/A,TRUE,TRUE,TRUE,TRUE,TRUE,TRUE,1,1,TRUE,1,1
RedAwning,502804,121236228,RedAwningHC,"6F Cumberland - split level, 2 bedroom villa, full access!! 2 Condo",USA,OnboardingSucceeded,,,TRUE,TRUE,N/A,TRUE,6,26,N/A,,,,N/A,TRUE,TRUE,TRUE,TRUE,TRUE,N/A,TRUE,TRUE,TRUE,TRUE,TRUE,TRUE,1,1,TRUE,1,1
RedAwning,502576,121107787,RedAwningHC,Nature's Oasis Mountain Retreat 4 Bedroom Cabin,USA,OnboardingSucceeded,,,TRUE,TRUE,TRUE,TRUE,6,37,N/A,,,,N/A,TRUE,TRUE,TRUE,TRUE,TRUE,N/A,TRUE,TRUE,TRUE,TRUE,TRUE,TRUE,1,1,TRUE,1,1
RedAwning,502748,121202120,RedAwningHC,Casa Cosmic - Hot Tub & Fire Pit 3 Bedroom Home,USA,OnboardingSucceeded,,,FALSE,FALSE,FALSE,TRUE,6,27,N/A,,,,N/A,TRUE,TRUE,TRUE,TRUE,TRUE,N/A,TRUE,TRUE,TRUE,TRUE,TRUE,TRUE,1,1,TRUE,1,1
RedAwning,502799,121202150,RedAwningHC,Kauai Kaha Lani 110 1 Bedroom Condo,USA,OnboardingSucceeded,,,FALSE,FALSE,FALSE,TRUE,6,33,N/A,,,,N/A,TRUE,TRUE,TRUE,TRUE,TRUE,N/A,TRUE,TRUE,TRUE,TRUE,TRUE,TRUE,1,1,TRUE,1,1
RedAwning,502732,121107985,RedAwningHC,Pipedreams 333 W 4 Bedroom Home,USA,OnboardingSucceeded,,,TRUE,TRUE,N/A,TRUE,6,51,N/A,,,,N/A,TRUE,TRUE,TRUE,TRUE,TRUE,N/A,TRUE,TRUE,TRUE,TRUE,TRUE,TRUE,1,1,TRUE,1,1
RedAwning,502727,121107915,RedAwningHC,Pipedreams 333 8 Bedroom Home,USA,OnboardingSucceeded,,,TRUE,TRUE,N/A,TRUE,6,77,N/A,,,,N/A,TRUE,TRUE,TRUE,TRUE,TRUE,N/A,TRUE,TRUE,TRUE,TRUE,TRUE,TRUE,1,1,TRUE,1,1
RedAwning,502683,121053746,RedAwningHC,Ocean Forest 1202 1 Bedroom Condo,USA,OnboardingSucceeded,,,TRUE,TRUE,N/A,TRUE,6,35,N/A,,,,N/A,TRUE,TRUE,TRUE,TRUE,TRUE,N/A,TRUE,TRUE,TRUE,TRUE,TRUE,TRUE,1,1,TRUE,1,1
RedAwning,502726,121107911,RedAwningHC,Byways 9 Bedroom Home,BRB,OnboardingSucceeded,,,TRUE,TRUE,N/A,TRUE,6,48,N/A,,,,N/A,TRUE,TRUE,TRUE,TRUE,TRUE,N/A,TRUE,TRUE,TRUE,TRUE,TRUE,TRUE,1,1,TRUE,1,1
RedAwning,502721,121107898,RedAwningHC,Phoenix East 203 2 Bedroom Condo,USA,OnboardingSucceeded,,,TRUE,TRUE,N/A,TRUE,6,33,N/A,,,,N/A,TRUE,TRUE,TRUE,TRUE,TRUE,N/A,TRUE,TRUE,TRUE,TRUE,TRUE,TRUE,1,1,TRUE,1,1
RedAwning,502704,121202099,RedAwningHC,Oceanfront Manor 4 Bedroom Home,USA,OnboardingSucceeded,,,TRUE,TRUE,N/A,TRUE,6,69,N/A,,,,N/A,TRUE,TRUE,TRUE,TRUE,TRUE,N/A,TRUE,TRUE,TRUE,TRUE,TRUE,TRUE,1,1,TRUE,1,1
RedAwning,502713,121107841,RedAwningHC,Phoenix Gulf Shores Ii 2005 4 Bedroom Condo,USA,OnboardingSucceeded,,,TRUE,TRUE,N/A,TRUE,6,48,N/A,,,,N/A,TRUE,TRUE,TRUE,TRUE,TRUE,N/A,TRUE,TRUE,TRUE,TRUE,TRUE,TRUE,1,1,TRUE,1,1
RedAwning,502699,121053784,RedAwningHC,Vs453 Village Square 1 Br 1 Ba 1 Bedroom Condo,USA,OnboardingSucceeded,,,FALSE,FALSE,FALSE,TRUE,6,31,N/A,,,,N/A,TRUE,TRUE,TRUE,TRUE,TRUE,N/A,TRUE,TRUE,TRUE,TRUE,TRUE,TRUE,1,1,TRUE,1,1
RedAwning,502502,121107781,RedAwningHC,Clearview Luxury Home At Windcliff 5 Bedroom Home,USA,OnboardingSucceeded,,,TRUE,TRUE,TRUE,TRUE,6,61,N/A,,,,N/A,TRUE,TRUE,TRUE,TRUE,TRUE,N/A,TRUE,TRUE,TRUE,TRUE,TRUE,TRUE,1,1,TRUE,1,1
RedAwning,502687,121053752,RedAwningHC,River Oaks 33f 2 Bedroom Condo,USA,OnboardingSucceeded,,,TRUE,TRUE,N/A,TRUE,6,34,N/A,,,,N/A,TRUE,TRUE,TRUE,TRUE,TRUE,N/A,TRUE,TRUE,TRUE,TRUE,TRUE,TRUE,1,1,TRUE,1,204
RedAwning,502706,121107821,RedAwningHC,Magnolia North 4856-303 1 Bedroom Condo,USA,OnboardingSucceeded,,,TRUE,TRUE,N/A,TRUE,6,22,N/A,,,,N/A,TRUE,TRUE,TRUE,TRUE,TRUE,N/A,TRUE,TRUE,TRUE,TRUE,TRUE,TRUE,1,1,TRUE,1,1
RedAwning,502472,121107764,RedAwningHC,Relaxing Chamonix Retreat 3 Bedroom Home,USA,OnboardingSucceeded,,,TRUE,TRUE,N/A,TRUE,6,32,N/A,,,,N/A,TRUE,TRUE,TRUE,TRUE,TRUE,N/A,TRUE,TRUE,TRUE,TRUE,TRUE,TRUE,1,1,TRUE,1,1
RedAwning,502730,121107929,RedAwningHC,Pipedreams 333 W 4 Bedroom Home,USA,OnboardingSucceeded,,,TRUE,TRUE,N/A,TRUE,6,53,N/A,,,,N/A,TRUE,TRUE,TRUE,TRUE,TRUE,N/A,TRUE,TRUE,TRUE,TRUE,TRUE,TRUE,1,1,TRUE,1,1
RedAwning,502658,121053692,RedAwningHC,Holiday Pavilion 208 1 Bedroom Condo,USA,OnboardingSucceeded,,,TRUE,TRUE,N/A,TRUE,6,44,N/A,,,,N/A,TRUE,TRUE,TRUE,TRUE,TRUE,N/A,TRUE,TRUE,TRUE,TRUE,TRUE,TRUE,1,1,TRUE,1,1
RedAwning,502620,121053587,RedAwningHC,World Tour 104-202a 2 Bedroom Condo,USA,OnboardingSucceeded,,,TRUE,TRUE,N/A,TRUE,6,36,N/A,,,,N/A,TRUE,TRUE,TRUE,TRUE,TRUE,N/A,TRUE,TRUE,TRUE,TRUE,TRUE,TRUE,1,1,TRUE,1,1
RedAwning,502640,121053647,RedAwningHC,World Tour 306b 3 Bedroom Condo,USA,OnboardingSucceeded,,,TRUE,TRUE,N/A,TRUE,6,35,N/A,,,,N/A,TRUE,TRUE,TRUE,TRUE,TRUE,N/A,TRUE,TRUE,TRUE,TRUE,TRUE,TRUE,1,1,TRUE,1,1
RedAwning,502644,121053653,RedAwningHC,Magnolia North 4879-305 3 Bedroom Condo,USA,OnboardingSucceeded,,,TRUE,TRUE,N/A,TRUE,6,34,N/A,,,,N/A,TRUE,TRUE,TRUE,TRUE,TRUE,N/A,TRUE,TRUE,TRUE,TRUE,TRUE,TRUE,1,1,TRUE,1,1
RedAwning,502624,121053599,RedAwningHC,Ocean Creek North Tower F11 2 Bedroom Condo,USA,OnboardingSucceeded,,,TRUE,TRUE,N/A,TRUE,6,57,N/A,,,,N/A,TRUE,TRUE,TRUE,TRUE,TRUE,N/A,TRUE,TRUE,TRUE,TRUE,TRUE,TRUE,1,1,TRUE,1,62
RedAwning,502618,121053585,RedAwningHC,Waterway Village 18g 2 Bedroom Condo,USA,OnboardingSucceeded,,,TRUE,TRUE,N/A,TRUE,6,35,N/A,,,,N/A,TRUE,TRUE,TRUE,TRUE,TRUE,N/A,TRUE,TRUE,TRUE,TRUE,TRUE,TRUE,1,1,TRUE,1,1
RedAwning,502616,121053577,RedAwningHC,Ocean Dunes 6011 1 Bedroom Condo,USA,OnboardingSucceeded,,,TRUE,TRUE,N/A,TRUE,6,14,N/A,,,,N/A,TRUE,TRUE,TRUE,TRUE,TRUE,N/A,TRUE,TRUE,TRUE,TRUE,TRUE,TRUE,1,1,TRUE,1,1
RedAwning,502731,121107978,RedAwningHC,Pipedreams 333 8 Bedroom Home,USA,OnboardingSucceeded,,,TRUE,TRUE,N/A,TRUE,6,77,N/A,,,,N/A,TRUE,TRUE,TRUE,TRUE,TRUE,N/A,TRUE,TRUE,TRUE,TRUE,TRUE,TRUE,1,1,TRUE,1,1
RedAwning,502716,121107882,RedAwningHC,322 S. 5th Street Unit A 3 Bedroom Townhouse,USA,OnboardingSucceeded,,,TRUE,TRUE,N/A,TRUE,6,13,N/A,,,,N/A,TRUE,TRUE,TRUE,TRUE,TRUE,N/A,TRUE,TRUE,TRUE,TRUE,TRUE,TRUE,1,1,TRUE,1,1
RedAwning,502712,121107835,RedAwningHC,Magnolia Pointe Luster Leaf 4875-304 3 Bedroom Condo,USA,OnboardingSucceeded,,,TRUE,TRUE,N/A,TRUE,6,41,N/A,,,,N/A,TRUE,TRUE,TRUE,TRUE,TRUE,N/A,TRUE,TRUE,TRUE,TRUE,TRUE,TRUE,1,1,TRUE,1,1
RedAwning,502698,121053783,RedAwningHC,Bear Hollow 4402 3 Bedroom Condo,USA,OnboardingSucceeded,,,TRUE,TRUE,N/A,TRUE,6,26,N/A,,,,N/A,TRUE,TRUE,TRUE,TRUE,TRUE,N/A,TRUE,TRUE,TRUE,TRUE,TRUE,TRUE,1,1,TRUE,1,1
RedAwning,502725,121107903,RedAwningHC,Magnolia Place 4665-104 2 Bedroom Condo,USA,OnboardingSucceeded,,,TRUE,TRUE,N/A,TRUE,6,37,N/A,,,,N/A,TRUE,TRUE,TRUE,TRUE,TRUE,N/A,TRUE,TRUE,TRUE,TRUE,TRUE,TRUE,1,1,TRUE,1,1
RedAwning,502588,121107809,RedAwningHC,Hideaway Cabin 3 Bedroom Cabin,USA,OnboardingSucceeded,,,TRUE,TRUE,N/A,TRUE,6,30,N/A,,,,N/A,TRUE,TRUE,TRUE,TRUE,TRUE,N/A,TRUE,TRUE,TRUE,TRUE,TRUE,TRUE,1,1,TRUE,1,184
RedAwning,502700,121053789,RedAwningHC,Phoenix Ix 307 2 Bedroom Condo,USA,OnboardingSucceeded,,,TRUE,TRUE,N/A,TRUE,6,52,N/A,,,,N/A,TRUE,TRUE,TRUE,TRUE,TRUE,N/A,TRUE,TRUE,TRUE,TRUE,TRUE,TRUE,1,1,TRUE,1,1
RedAwning,502623,121053598,RedAwningHC,Magnolia North 4878-305 2 Bedroom Condo,USA,OnboardingSucceeded,,,TRUE,TRUE,N/A,TRUE,6,34,N/A,,,,N/A,TRUE,TRUE,TRUE,TRUE,TRUE,N/A,TRUE,TRUE,TRUE,TRUE,TRUE,TRUE,1,1,TRUE,1,1
RedAwning,502619,121053586,RedAwningHC,Windsor Court 11c 2 Bedroom Condo,USA,OnboardingSucceeded,,,TRUE,TRUE,N/A,TRUE,6,32,N/A,,,,N/A,TRUE,TRUE,TRUE,TRUE,TRUE,N/A,TRUE,TRUE,TRUE,TRUE,TRUE,TRUE,1,1,TRUE,1,1
RedAwning,502612,121053570,RedAwningHC,Ocean Forest 2011 1 Bedroom Condo,USA,OnboardingSucceeded,,,TRUE,TRUE,N/A,TRUE,6,15,N/A,,,,N/A,TRUE,TRUE,TRUE,TRUE,TRUE,N/A,TRUE,TRUE,TRUE,TRUE,TRUE,TRUE,1,1,TRUE,1,1
RedAwning,502621,121053590,RedAwningHC,Ocean Forest 309 1 Bedroom Condo,USA,OnboardingSucceeded,,,TRUE,TRUE,N/A,TRUE,6,17,N/A,,,,N/A,TRUE,TRUE,TRUE,TRUE,TRUE,N/A,TRUE,TRUE,TRUE,TRUE,TRUE,TRUE,1,1,TRUE,1,1
RedAwning,502580,120837360,RedAwningHC,St. Peter's Bay 111 3 Bedroom Condo,BRB,OnboardingSucceeded,,,TRUE,TRUE,N/A,TRUE,6,15,N/A,,,,N/A,TRUE,TRUE,TRUE,TRUE,TRUE,N/A,TRUE,TRUE,TRUE,TRUE,TRUE,TRUE,1,1,TRUE,1,1
RedAwning,502591,120837386,RedAwningHC,Mammoth Sierra Townhomes #25 3 Bedroom Condo,USA,OnboardingSucceeded,,,TRUE,TRUE,TRUE,TRUE,6,39,N/A,,,,N/A,TRUE,TRUE,TRUE,TRUE,TRUE,N/A,TRUE,TRUE,TRUE,TRUE,TRUE,TRUE,1,1,TRUE,1,191
RedAwning,502609,120984191,RedAwningHC,Casa Del Sol 4 Bedroom Home,USA,OnboardingSucceeded,,,TRUE,TRUE,N/A,TRUE,6,88,N/A,,,,N/A,TRUE,TRUE,TRUE,TRUE,TRUE,N/A,TRUE,TRUE,TRUE,TRUE,TRUE,TRUE,1,1,TRUE,1,1
RedAwning,501137,120837342,RedAwningHC,Villatre 2 Bedroom Villa,BRB,OnboardingSucceeded,,,TRUE,TRUE,N/A,TRUE,6,14,N/A,,,,N/A,TRUE,TRUE,TRUE,TRUE,TRUE,N/A,TRUE,TRUE,TRUE,TRUE,TRUE,TRUE,1,1,TRUE,1,1
RedAwning,502581,120837377,RedAwningHC,St. Peter's Bay 111 (2 Bed) 2 Bedroom Condo,BRB,OnboardingSucceeded,,,TRUE,TRUE,N/A,TRUE,6,13,N/A,,,,N/A,TRUE,TRUE,TRUE,TRUE,TRUE,N/A,TRUE,TRUE,TRUE,TRUE,TRUE,TRUE,1,1,TRUE,1,1
RedAwning,502399,120797284,RedAwningHC,Rouge Cobb Mountain Hotel - Cabin 1,USA,OnboardingSucceeded,,,TRUE,TRUE,TRUE,TRUE,6,12,N/A,,,,N/A,TRUE,TRUE,N/A,TRUE,TRUE,N/A,TRUE,TRUE,TRUE,TRUE,TRUE,TRUE,1,1,TRUE,1,1
RedAwning,502553,120705722,RedAwningHC,Brookridge 238 4 Bedroom Townhouse,USA,OnboardingSucceeded,,,TRUE,TRUE,N/A,TRUE,6,32,N/A,,,,N/A,TRUE,TRUE,TRUE,TRUE,TRUE,N/A,TRUE,TRUE,TRUE,TRUE,TRUE,TRUE,1,1,TRUE,1,111
RedAwning,502564,120750433,RedAwningHC,Casa Alessia 4br Home & Heated Pool 4 Bedroom Home,USA,OnboardingSucceeded,,,FALSE,FALSE,FALSE,TRUE,6,73,N/A,,,,N/A,TRUE,TRUE,TRUE,TRUE,TRUE,N/A,TRUE,TRUE,TRUE,TRUE,TRUE,TRUE,1,1,TRUE,1,1
RedAwning,502563,120750432,RedAwningHC,1820 The Seasons 1 Bedroom Condo,USA,OnboardingSucceeded,,,FALSE,FALSE,FALSE,TRUE,6,36,N/A,,,,N/A,TRUE,TRUE,TRUE,TRUE,TRUE,N/A,TRUE,TRUE,TRUE,TRUE,TRUE,TRUE,1,1,TRUE,1,1
RedAwning,502552,120705696,RedAwningHC,Brookridge 236 4 Bedroom Townhouse,USA,OnboardingSucceeded,,,TRUE,TRUE,N/A,TRUE,6,34,N/A,,,,N/A,TRUE,TRUE,TRUE,TRUE,TRUE,N/A,TRUE,TRUE,TRUE,TRUE,TRUE,TRUE,1,1,TRUE,1,113
RedAwning,481271,120705669,RedAwningHC,Phoenix Vi 61113 3 Bedroom Condo,USA,OnboardingSucceeded,,,TRUE,TRUE,N/A,TRUE,6,52,N/A,,,,N/A,TRUE,TRUE,TRUE,TRUE,TRUE,N/A,TRUE,TRUE,TRUE,TRUE,TRUE,TRUE,1,1,TRUE,1,1
RedAwning,480580,120705653,RedAwningHC,Phoenix Vi 6208 3 Bedroom Condo,USA,OnboardingSucceeded,,,TRUE,TRUE,N/A,TRUE,6,49,N/A,,,,N/A,TRUE,TRUE,TRUE,TRUE,TRUE,N/A,TRUE,TRUE,TRUE,TRUE,TRUE,TRUE,1,1,TRUE,1,1
RedAwning,481668,120705672,RedAwningHC,Phoenix Vi 6001 3 Bedroom Condo,USA,OnboardingSucceeded,,,TRUE,TRUE,N/A,TRUE,6,54,N/A,,,,N/A,TRUE,TRUE,TRUE,TRUE,TRUE,N/A,TRUE,TRUE,TRUE,TRUE,TRUE,TRUE,1,1,TRUE,1,1
RedAwning,478939,120705638,RedAwningHC,Phoenix Vi 61501 3 Bedroom Condo,USA,OnboardingSucceeded,,,TRUE,TRUE,N/A,TRUE,6,53,N/A,,,,N/A,TRUE,TRUE,TRUE,TRUE,TRUE,N/A,TRUE,TRUE,TRUE,TRUE,TRUE,TRUE,1,1,TRUE,1,1
RedAwning,479619,120705643,RedAwningHC,Phoenix Vi 6301 3 Bedroom Condo,USA,OnboardingSucceeded,,,TRUE,TRUE,N/A,TRUE,6,51,N/A,,,,N/A,TRUE,TRUE,TRUE,TRUE,TRUE,N/A,TRUE,TRUE,TRUE,TRUE,TRUE,TRUE,1,1,TRUE,1,1
RedAwning,502705,121107815,RedAwningHC,Coastal Ch√¢teau - 2239 Mallard St 6 Bedroom Home,USA,OnboardingSucceeded,,,TRUE,TRUE,N/A,TRUE,6,46,N/A,,,,N/A,TRUE,TRUE,TRUE,TRUE,TRUE,N/A,TRUE,TRUE,TRUE,TRUE,TRUE,TRUE,1,1,TRUE,1,1
RedAwning,502686,121053751,RedAwningHC,River Oaks 30h 2 Bedroom Condo,USA,OnboardingSucceeded,,,TRUE,TRUE,N/A,TRUE,6,44,N/A,,,,N/A,TRUE,TRUE,TRUE,TRUE,TRUE,N/A,TRUE,TRUE,TRUE,TRUE,TRUE,TRUE,1,1,TRUE,1,1
RedAwning,502670,121053718,RedAwningHC,Magnolia Pointe 4878-402 2 Bedroom Condo,USA,OnboardingSucceeded,,,TRUE,TRUE,N/A,TRUE,6,49,N/A,,,,N/A,TRUE,TRUE,TRUE,TRUE,TRUE,N/A,TRUE,TRUE,TRUE,TRUE,TRUE,TRUE,1,1,TRUE,1,1
RedAwning,502696,121053780,RedAwningHC,Ocean Forest 1204 1 Bedroom Condo,USA,OnboardingSucceeded,,,TRUE,TRUE,N/A,TRUE,6,27,N/A,,,,N/A,TRUE,TRUE,TRUE,TRUE,TRUE,N/A,TRUE,TRUE,TRUE,TRUE,TRUE,TRUE,1,1,TRUE,1,1
RedAwning,502674,121053735,RedAwningHC,Magnolia Pointe Magnolia Lake 4820-303 2 Bedroom Condo,USA,OnboardingSucceeded,,,TRUE,TRUE,N/A,TRUE,6,40,N/A,,,,N/A,TRUE,TRUE,TRUE,TRUE,TRUE,N/A,TRUE,TRUE,TRUE,TRUE,TRUE,TRUE,1,1,TRUE,1,1
RedAwning,502655,121053683,RedAwningHC,Compass Cove 1018 3 Bedroom Condo,USA,OnboardingSucceeded,,,TRUE,TRUE,N/A,TRUE,6,49,N/A,,,,N/A,TRUE,TRUE,TRUE,TRUE,TRUE,N/A,TRUE,TRUE,TRUE,TRUE,TRUE,TRUE,1,1,TRUE,1,1
RedAwning,502681,121053743,RedAwningHC,Chester St. 115 4 Bedroom Home,USA,OnboardingSucceeded,,,TRUE,TRUE,N/A,TRUE,6,37,N/A,,,,N/A,TRUE,TRUE,TRUE,TRUE,TRUE,N/A,TRUE,TRUE,TRUE,TRUE,TRUE,TRUE,1,1,TRUE,1,1
RedAwning,502669,121053715,RedAwningHC,Heatherstone 1063 2 Bedroom Condo,USA,OnboardingSucceeded,,,TRUE,TRUE,N/A,TRUE,6,39,N/A,,,,N/A,TRUE,TRUE,TRUE,TRUE,TRUE,N/A,TRUE,TRUE,TRUE,TRUE,TRUE,TRUE,1,1,TRUE,1,1
RedAwning,502676,121053738,RedAwningHC,Maisons Sur Mer 106 2 Bedroom Condo,USA,OnboardingSucceeded,,,TRUE,TRUE,N/A,TRUE,6,53,N/A,,,,N/A,TRUE,TRUE,TRUE,TRUE,TRUE,N/A,TRUE,TRUE,TRUE,TRUE,TRUE,TRUE,1,1,TRUE,1,1
RedAwning,502654,121053682,RedAwningHC,Meridian Plaza 1002 1 Bedroom Condo,USA,OnboardingSucceeded,,,TRUE,TRUE,N/A,TRUE,6,33,N/A,,,,N/A,TRUE,TRUE,TRUE,TRUE,TRUE,N/A,TRUE,TRUE,TRUE,TRUE,TRUE,TRUE,1,1,TRUE,1,1
RedAwning,502680,121053742,RedAwningHC,Shipwatch I226 2 Bedroom Condo,USA,OnboardingSucceeded,,,TRUE,TRUE,N/A,TRUE,6,33,N/A,,,,N/A,TRUE,TRUE,TRUE,TRUE,TRUE,N/A,TRUE,TRUE,TRUE,TRUE,TRUE,TRUE,1,1,TRUE,1,1
RedAwning,502692,121053773,RedAwningHC,Sea Castle 8g 3 Bedroom Condo,USA,OnboardingSucceeded,,,TRUE,TRUE,N/A,TRUE,6,37,N/A,,,,N/A,TRUE,TRUE,TRUE,TRUE,TRUE,N/A,TRUE,TRUE,TRUE,TRUE,TRUE,TRUE,1,1,TRUE,1,1
RedAwning,502663,121053697,RedAwningHC,Carolina Winds 806 1 Bedroom Condo,USA,OnboardingSucceeded,,,TRUE,TRUE,N/A,TRUE,6,20,N/A,,,,N/A,TRUE,TRUE,TRUE,TRUE,TRUE,N/A,TRUE,TRUE,TRUE,TRUE,TRUE,TRUE,1,1,TRUE,1,1
RedAwning,502688,121053753,RedAwningHC,River Oaks 57c 2 Bedroom Condo,USA,OnboardingSucceeded,,,TRUE,TRUE,N/A,TRUE,6,36,N/A,,,,N/A,TRUE,TRUE,TRUE,TRUE,TRUE,N/A,TRUE,TRUE,TRUE,TRUE,TRUE,TRUE,1,1,TRUE,1,1
RedAwning,502672,121053727,RedAwningHC,Magnolia Place 4709-203 2 Bedroom Condo,USA,OnboardingSucceeded,,,TRUE,TRUE,N/A,TRUE,6,32,N/A,,,,N/A,TRUE,TRUE,TRUE,TRUE,TRUE,N/A,TRUE,TRUE,TRUE,TRUE,TRUE,TRUE,1,1,TRUE,1,1
RedAwning,502650,121053676,RedAwningHC,Canterbury Court 6 E 3 Bedroom Apts,USA,OnboardingSucceeded,,,TRUE,TRUE,N/A,TRUE,6,60,N/A,,,,N/A,TRUE,TRUE,TRUE,TRUE,TRUE,N/A,TRUE,TRUE,TRUE,TRUE,TRUE,TRUE,1,1,TRUE,1,1
RedAwning,502643,121053652,RedAwningHC,Magnolia Pointe Magnolia Lake 4833-203 2 Bedroom Condo,USA,OnboardingSucceeded,,,TRUE,TRUE,N/A,TRUE,6,60,N/A,,,,N/A,TRUE,TRUE,TRUE,TRUE,TRUE,N/A,TRUE,TRUE,TRUE,TRUE,TRUE,TRUE,1,1,TRUE,1,1
RedAwning,502662,121053696,RedAwningHC,Waterway Village 17b 2 Bedroom Condo,USA,OnboardingSucceeded,,,TRUE,TRUE,N/A,TRUE,6,47,N/A,,,,N/A,TRUE,TRUE,TRUE,TRUE,TRUE,N/A,TRUE,TRUE,TRUE,TRUE,TRUE,TRUE,1,1,TRUE,1,1
RedAwning,502628,121053611,RedAwningHC,Maison Place I 2 Bedroom Condo,USA,OnboardingSucceeded,,,TRUE,TRUE,N/A,TRUE,6,33,N/A,,,,N/A,TRUE,TRUE,TRUE,TRUE,TRUE,N/A,TRUE,TRUE,TRUE,TRUE,TRUE,TRUE,1,1,TRUE,1,1
RedAwning,502638,121053637,RedAwningHC,Sands Beach Club Ph1114 4 Bedroom Condo,USA,OnboardingSucceeded,,,TRUE,TRUE,N/A,TRUE,6,52,N/A,,,,N/A,TRUE,TRUE,TRUE,TRUE,TRUE,N/A,TRUE,TRUE,TRUE,TRUE,TRUE,TRUE,1,1,TRUE,1,1
RedAwning,502597,120869234,RedAwningHC,Magnolia North 4827-104 2 Bedroom Condo,USA,OnboardingSucceeded,,,TRUE,TRUE,N/A,TRUE,6,28,N/A,,,,N/A,TRUE,TRUE,TRUE,TRUE,TRUE,N/A,TRUE,TRUE,TRUE,TRUE,TRUE,TRUE,1,1,TRUE,1,1
RedAwning,502627,121053610,RedAwningHC,Magnolia Pointe Luster Leaf 4825-102 3 Bedroom Condo,USA,OnboardingSucceeded,,,TRUE,TRUE,N/A,TRUE,6,36,N/A,,,,N/A,TRUE,TRUE,TRUE,TRUE,TRUE,N/A,TRUE,TRUE,TRUE,TRUE,TRUE,TRUE,1,1,TRUE,1,1
RedAwning,502629,121053612,RedAwningHC,Magnolia Pointe Magnolia Lake 4811-104 2 Bedroom Condo,USA,OnboardingSucceeded,,,TRUE,TRUE,N/A,TRUE,6,29,N/A,,,,N/A,TRUE,TRUE,TRUE,TRUE,TRUE,N/A,TRUE,TRUE,TRUE,TRUE,TRUE,TRUE,1,1,TRUE,1,1
RedAwning,502598,120984184,RedAwningHC,Casa Desert Willow - Stayshores 5 Bedroom Home,USA,OnboardingSucceeded,,,FALSE,FALSE,FALSE,TRUE,6,78,N/A,,,,N/A,TRUE,TRUE,TRUE,TRUE,TRUE,N/A,TRUE,TRUE,TRUE,TRUE,TRUE,TRUE,1,1,TRUE,1,1
RedAwning,502593,121053561,RedAwningHC,2d West Hyde Park 3 Bedroom Condo,USA,OnboardingSucceeded,,,TRUE,TRUE,N/A,TRUE,6,25,N/A,,,,N/A,TRUE,TRUE,TRUE,TRUE,TRUE,N/A,TRUE,TRUE,TRUE,TRUE,TRUE,TRUE,1,1,TRUE,1,1
RedAwning,502610,120984200,RedAwningHC,Echo Ridge 4 Bedroom Home,USA,OnboardingSucceeded,,,FALSE,FALSE,FALSE,TRUE,6,67,N/A,,,,N/A,TRUE,TRUE,TRUE,TRUE,TRUE,N/A,TRUE,TRUE,TRUE,TRUE,TRUE,TRUE,1,1,TRUE,1,1
RedAwning,502554,120869233,RedAwningHC,Stylish Downtown Retreat Steps To Nyc 3 Bedroom Duplex,USA,OnboardingSucceeded,,,TRUE,TRUE,N/A,TRUE,6,33,N/A,,,,N/A,TRUE,TRUE,TRUE,TRUE,TRUE,N/A,TRUE,TRUE,TRUE,TRUE,TRUE,TRUE,1,1,TRUE,1,253
RedAwning,502560,121053552,RedAwningHC,Spacious Getaway Near Dc & Potomac River 3 Bedroom Home,USA,OnboardingSucceeded,,,TRUE,TRUE,N/A,TRUE,6,33,N/A,,,,N/A,TRUE,TRUE,TRUE,TRUE,TRUE,N/A,TRUE,TRUE,TRUE,TRUE,TRUE,TRUE,1,1,TRUE,1,1
RedAwning,502473,120869225,RedAwningHC,Peaceful Secluded Wausau Retreat 3 Bedroom Home,USA,OnboardingSucceeded,,,TRUE,TRUE,N/A,TRUE,6,41,N/A,,,,N/A,TRUE,TRUE,TRUE,TRUE,TRUE,N/A,TRUE,TRUE,TRUE,TRUE,TRUE,TRUE,1,1,TRUE,1,188
RedAwning,502590,120984152,RedAwningHC,Quaking Aspen Condo 2 Bedroom Condo,USA,OnboardingSucceeded,,,TRUE,FALSE,N/A,TRUE,6,24,N/A,,,,N/A,TRUE,TRUE,TRUE,TRUE,TRUE,N/A,TRUE,TRUE,TRUE,TRUE,TRUE,TRUE,1,1,FALSE,1,0
RedAwning,502592,120837391,RedAwningHC,Firelight Lodge #302 4 Bedroom Condo,USA,OnboardingSucceeded,,,TRUE,TRUE,N/A,TRUE,6,41,N/A,,,,N/A,TRUE,TRUE,TRUE,TRUE,TRUE,N/A,TRUE,TRUE,TRUE,TRUE,TRUE,TRUE,1,1,TRUE,1,41
RedAwning,502570,120797362,RedAwningHC,Las Villas Condo Unit 301 - 5 Night Minimum Stays 3 Bedroom Condo,USA,OnboardingSucceeded,,,TRUE,TRUE,N/A,TRUE,6,37,N/A,,,,N/A,TRUE,TRUE,TRUE,TRUE,TRUE,N/A,TRUE,TRUE,TRUE,TRUE,TRUE,TRUE,1,1,TRUE,1,1
RedAwning,502551,120705693,RedAwningHC,Sand Hollow Serenity 4 Bedroom Townhouse,USA,OnboardingSucceeded,,,TRUE,TRUE,N/A,TRUE,6,57,N/A,,,,N/A,TRUE,TRUE,TRUE,TRUE,TRUE,N/A,TRUE,TRUE,TRUE,TRUE,TRUE,TRUE,1,1,TRUE,1,1
RedAwning,502577,,RedAwningHC,Mountain Luxury In Old Town Spa - Walk To Main 440 3 Bedroom Home,USA,OnboardingFailed,LatLongNotMatched,"Cannot obtain the expediaID, Lat/Long (40.63011 , 111.49003) do not match with the country code (USA) sent in the request. Please ensure that the lat/long sent matches the country code sent.",,,,,,,,,,,,,,,,,,,,,,,,,,,,
RedAwning,502528,120797329,RedAwningHC,Rouge Cobb Mountain Hotel - Cabin 5,USA,OnboardingSucceeded,,,TRUE,FALSE,FALSE,TRUE,6,12,N/A,,,,N/A,TRUE,TRUE,TRUE,TRUE,TRUE,N/A,TRUE,TRUE,TRUE,TRUE,TRUE,TRUE,1,1,TRUE,1,1
RedAwning,502525,120797322,RedAwningHC,Rouge Cobb Mountain Hotel - Cabin 3,USA,OnboardingSucceeded,,,TRUE,FALSE,FALSE,TRUE,6,9,N/A,,,,N/A,TRUE,TRUE,N/A,TRUE,TRUE,N/A,TRUE,TRUE,TRUE,TRUE,TRUE,TRUE,1,1,TRUE,1,1
RedAwning,502405,120705682,RedAwningHC,Waterfront Escape With Private Dock 3 Bedroom Home,USA,OnboardingSucceeded,,,TRUE,TRUE,TRUE,TRUE,6,29,N/A,,,,N/A,TRUE,TRUE,TRUE,TRUE,TRUE,N/A,TRUE,TRUE,TRUE,TRUE,TRUE,TRUE,1,1,TRUE,1,180
RedAwning,502562,120750430,RedAwningHC,"5550 Palmetto Paradise: 3br W/ Gulf Views, Heated Pool 3 Bedroom Home",USA,OnboardingSucceeded,,,TRUE,TRUE,N/A,TRUE,6,39,N/A,,,,N/A,TRUE,TRUE,TRUE,TRUE,TRUE,N/A,TRUE,TRUE,TRUE,TRUE,TRUE,TRUE,1,1,TRUE,1,1
RedAwning,502403,120750423,RedAwningHC,Cabin Unbound - Historic Lakefront Comfort 4 Bedroom Cabin,USA,OnboardingSucceeded,,,TRUE,TRUE,N/A,TRUE,6,31,N/A,,,,N/A,TRUE,TRUE,TRUE,TRUE,TRUE,N/A,TRUE,TRUE,TRUE,TRUE,TRUE,TRUE,1,1,TRUE,1,1
RedAwning,502307,120750400,RedAwningHC,The Blue River House At Breckenridge 4 Bedroom Home,USA,OnboardingSucceeded,,,FALSE,FALSE,FALSE,TRUE,6,60,N/A,,,,N/A,TRUE,TRUE,TRUE,TRUE,TRUE,N/A,TRUE,TRUE,TRUE,TRUE,TRUE,TRUE,1,1,FALSE,1,0
RedAwning,502558,120705724,RedAwningHC,Moondance 3 Bedroom Home,USA,OnboardingSucceeded,,,TRUE,TRUE,N/A,TRUE,6,36,N/A,,,,N/A,TRUE,TRUE,TRUE,TRUE,TRUE,N/A,TRUE,TRUE,TRUE,TRUE,TRUE,TRUE,1,1,TRUE,1,188
RedAwning,501253,120705681,RedAwningHC,The Chocolate Suite - Walkable And Peaceful 2 Bedroom Home,USA,OnboardingSucceeded,,,FALSE,FALSE,FALSE,TRUE,6,30,N/A,,,,N/A,TRUE,TRUE,TRUE,TRUE,TRUE,N/A,TRUE,TRUE,TRUE,TRUE,TRUE,TRUE,1,1,TRUE,1,346
RedAwning,479011,120705639,RedAwningHC,Phoenix Vi 6509 2 Bedroom Condo,USA,OnboardingSucceeded,,,TRUE,TRUE,N/A,TRUE,6,47,N/A,,,,N/A,TRUE,TRUE,TRUE,TRUE,TRUE,N/A,TRUE,TRUE,TRUE,TRUE,TRUE,TRUE,1,1,TRUE,1,136
RedAwning,480488,120705649,RedAwningHC,Phoenix Vi 61103 3 Bedroom Condo,USA,OnboardingSucceeded,,,TRUE,TRUE,N/A,TRUE,6,52,N/A,,,,N/A,TRUE,TRUE,TRUE,TRUE,TRUE,N/A,TRUE,TRUE,TRUE,TRUE,TRUE,TRUE,1,1,TRUE,1,1
RedAwning,502549,120678122,RedAwningHC,Royal Mauian 411 2 Bedroom Condo,USA,OnboardingSucceeded,,,FALSE,FALSE,FALSE,TRUE,6,21,N/A,,,,N/A,TRUE,TRUE,TRUE,TRUE,TRUE,N/A,TRUE,TRUE,TRUE,TRUE,TRUE,TRUE,1,1,TRUE,1,1
RedAwning,502533,120647357,RedAwningHC,1511 Seas The Day: Batiki West Unit #504 2 Bedroom Condo,USA,OnboardingSucceeded,,,TRUE,TRUE,N/A,TRUE,6,34,N/A,,,,N/A,TRUE,TRUE,TRUE,TRUE,TRUE,N/A,TRUE,TRUE,TRUE,TRUE,TRUE,TRUE,1,1,TRUE,1,1
RedAwning,502740,121202109,RedAwningHC,Bright Modern 3bed 2.5bath Evanston Home W/parking 3 Bedroom Home,USA,OnboardingSucceeded,,,TRUE,TRUE,N/A,TRUE,6,28,N/A,,,,N/A,TRUE,TRUE,TRUE,TRUE,TRUE,N/A,TRUE,TRUE,TRUE,TRUE,TRUE,TRUE,1,1,TRUE,1,1
RedAwning,501265,121202060,RedAwningHC,Nvh0650 - Woodland Escape 2 Bedroom Home,USA,OnboardingSucceeded,,,TRUE,TRUE,N/A,TRUE,6,42,N/A,,,,N/A,TRUE,TRUE,TRUE,TRUE,TRUE,N/A,TRUE,TRUE,TRUE,TRUE,TRUE,TRUE,1,1,TRUE,1,1
RedAwning,502729,121107924,RedAwningHC,Pipedreams 333 E 4 Bedroom Home,USA,OnboardingSucceeded,,,TRUE,TRUE,N/A,TRUE,6,49,N/A,,,,N/A,TRUE,TRUE,TRUE,TRUE,TRUE,N/A,TRUE,TRUE,TRUE,TRUE,TRUE,TRUE,1,1,TRUE,1,1
RedAwning,502567,121161736,RedAwningHC,Sandpiper Cove 9222 2 Bedroom Condo,USA,OnboardingSucceeded,,,TRUE,TRUE,N/A,TRUE,6,60,N/A,,,,N/A,TRUE,TRUE,TRUE,TRUE,TRUE,N/A,TRUE,TRUE,TRUE,TRUE,TRUE,TRUE,1,1,TRUE,1,1
RedAwning,502707,121107825,RedAwningHC,Long Drive 4 Bedroom Townhouse,USA,OnboardingSucceeded,,,TRUE,TRUE,N/A,TRUE,6,56,N/A,,,,N/A,TRUE,TRUE,TRUE,TRUE,TRUE,N/A,TRUE,TRUE,TRUE,TRUE,TRUE,TRUE,1,1,TRUE,1,1
RedAwning,502717,121107891,RedAwningHC,21 Ocean Place 3 Bedroom Condo,USA,OnboardingSucceeded,,,TRUE,TRUE,N/A,TRUE,6,68,N/A,,,,N/A,TRUE,TRUE,TRUE,TRUE,TRUE,N/A,TRUE,TRUE,TRUE,TRUE,TRUE,TRUE,1,1,TRUE,1,1
RedAwning,502741,121161762,RedAwningHC,Riverside Retreat 2 Bedroom Condo,USA,OnboardingSucceeded,,,TRUE,TRUE,N/A,TRUE,6,32,N/A,,,,N/A,TRUE,TRUE,TRUE,TRUE,TRUE,N/A,TRUE,TRUE,TRUE,TRUE,TRUE,TRUE,1,1,TRUE,1,1
RedAwning,502708,121107831,RedAwningHC,Beachwalk 18d 2 Bedroom Townhouse,USA,OnboardingSucceeded,,,TRUE,TRUE,TRUE,TRUE,6,38,N/A,,,,N/A,TRUE,TRUE,TRUE,TRUE,TRUE,N/A,TRUE,TRUE,TRUE,TRUE,TRUE,TRUE,1,1,TRUE,1,1
RedAwning,502679,121053741,RedAwningHC,Ocean Dunes 6054 1 Bedroom Condo,USA,OnboardingSucceeded,,,TRUE,TRUE,N/A,TRUE,6,27,N/A,,,,N/A,TRUE,TRUE,TRUE,TRUE,TRUE,N/A,TRUE,TRUE,TRUE,TRUE,TRUE,TRUE,1,1,TRUE,1,1
RedAwning,502652,121053680,RedAwningHC,Magnolia Pointe Luster Leaf 4847-101 3 Bedroom Condo,USA,OnboardingSucceeded,,,TRUE,TRUE,N/A,TRUE,6,30,N/A,,,,N/A,TRUE,TRUE,TRUE,TRUE,TRUE,N/A,TRUE,TRUE,TRUE,TRUE,TRUE,TRUE,1,1,TRUE,1,229
RedAwning,502642,121053651,RedAwningHC,Ocean Bridge 27b 2 Bedroom Condo,USA,OnboardingSucceeded,,,TRUE,TRUE,N/A,TRUE,6,23,N/A,,,,N/A,TRUE,TRUE,TRUE,TRUE,TRUE,N/A,TRUE,TRUE,TRUE,TRUE,TRUE,TRUE,1,1,TRUE,1,1
RedAwning,502635,121053621,RedAwningHC,Margate Towers 2309 4 Bedroom Condo,USA,OnboardingSucceeded,,,TRUE,TRUE,N/A,TRUE,6,53,N/A,,,,N/A,TRUE,TRUE,TRUE,TRUE,TRUE,N/A,TRUE,TRUE,TRUE,TRUE,TRUE,TRUE,1,1,TRUE,1,1
RedAwning,502622,121053594,RedAwningHC,Waterway Village 17h 2 Bedroom Condo,USA,OnboardingSucceeded,,,TRUE,TRUE,N/A,TRUE,6,31,N/A,,,,N/A,TRUE,TRUE,TRUE,TRUE,TRUE,N/A,TRUE,TRUE,TRUE,TRUE,TRUE,TRUE,1,1,TRUE,1,1
RedAwning,502630,121053613,RedAwningHC,Magnolia Place 4705-102 2 Bedroom Condo,USA,OnboardingSucceeded,,,TRUE,TRUE,N/A,TRUE,6,39,N/A,,,,N/A,TRUE,TRUE,TRUE,TRUE,TRUE,N/A,TRUE,TRUE,TRUE,TRUE,TRUE,TRUE,1,1,TRUE,1,1
RedAwning,502542,120647365,RedAwningHC,Sea Glass Retreat 3 Bedroom Home,USA,OnboardingSucceeded,,,TRUE,TRUE,N/A,TRUE,6,35,N/A,,,,N/A,TRUE,TRUE,TRUE,TRUE,TRUE,N/A,TRUE,TRUE,TRUE,TRUE,TRUE,TRUE,1,1,TRUE,1,1
RedAwning,502532,120647356,RedAwningHC,Villa Valentino Luxury 8br Villa With Heated Pool 8 Bedroom Villa,USA,OnboardingSucceeded,,,TRUE,TRUE,N/A,TRUE,6,109,N/A,,,,N/A,TRUE,TRUE,TRUE,TRUE,TRUE,N/A,TRUE,TRUE,TRUE,TRUE,TRUE,TRUE,1,1,TRUE,1,165
RedAwning,502536,120678118,RedAwningHC,Orlando Newest Resort Villa With Pool 1791spp 4 Bedroom Home,USA,OnboardingSucceeded,,,TRUE,TRUE,N/A,TRUE,6,45,N/A,,,,N/A,TRUE,TRUE,TRUE,TRUE,TRUE,N/A,TRUE,TRUE,TRUE,TRUE,TRUE,TRUE,1,1,TRUE,1,1
RedAwning,502797,121202146,RedAwningHC,Cd 17 2 Bedroom Condo,USA,OnboardingSucceeded,,,TRUE,TRUE,N/A,TRUE,6,24,N/A,,,,N/A,TRUE,TRUE,TRUE,TRUE,TRUE,N/A,TRUE,TRUE,TRUE,TRUE,TRUE,TRUE,1,1,TRUE,1,1
RedAwning,502746,121202116,RedAwningHC,Snowcrest 216 1 Bedroom Condo,USA,OnboardingSucceeded,,,TRUE,TRUE,N/A,TRUE,6,27,N/A,,,,N/A,TRUE,TRUE,TRUE,TRUE,TRUE,N/A,TRUE,TRUE,TRUE,TRUE,TRUE,TRUE,1,1,TRUE,1,1
RedAwning,502509,121161735,RedAwningHC,Misty Mountain View - 2 bedroom 2 Cabin,USA,OnboardingSucceeded,,,TRUE,TRUE,N/A,TRUE,6,27,N/A,,,,N/A,TRUE,TRUE,TRUE,TRUE,TRUE,N/A,TRUE,TRUE,TRUE,TRUE,TRUE,TRUE,1,1,TRUE,1,1
RedAwning,502595,121161740,RedAwningHC,East Pass Towers 602 3 Bedroom Condo,USA,OnboardingSucceeded,,,TRUE,TRUE,N/A,TRUE,6,29,N/A,,,,N/A,TRUE,TRUE,TRUE,TRUE,TRUE,N/A,TRUE,TRUE,TRUE,TRUE,TRUE,TRUE,1,1,TRUE,1,1
RedAwning,502753,121290713,RedAwningHC,Quaint Clam 2 Bedroom Home,USA,OnboardingSucceeded,,,FALSE,FALSE,N/A,FALSE,6,0,N/A,,,,N/A,TRUE,TRUE,TRUE,TRUE,TRUE,N/A,TRUE,TRUE,TRUE,TRUE,TRUE,FALSE,1,0,TRUE,1,1
RedAwning,502733,121107989,RedAwningHC,Pipedreams 333 E 4 Bedroom Home,USA,OnboardingSucceeded,,,TRUE,TRUE,N/A,TRUE,6,49,N/A,,,,N/A,TRUE,TRUE,TRUE,TRUE,TRUE,N/A,TRUE,TRUE,TRUE,TRUE,TRUE,TRUE,1,1,TRUE,1,1
RedAwning,502486,121290711,RedAwningHC,Arapahoe Lodge-1br And Murphy Condo -kids Ski Free 1 Bedroom Condo,USA,OnboardingSucceeded,,,FALSE,FALSE,FALSE,FALSE,6,0,N/A,,,,N/A,TRUE,TRUE,TRUE,TRUE,TRUE,N/A,TRUE,TRUE,TRUE,TRUE,TRUE,FALSE,1,0,TRUE,1,1
RedAwning,502392,121161733,RedAwningHC,Serenity Landing 2 Bedroom Apts,USA,OnboardingSucceeded,,,TRUE,TRUE,N/A,TRUE,6,25,N/A,,,,N/A,TRUE,TRUE,TRUE,TRUE,TRUE,N/A,TRUE,TRUE,TRUE,TRUE,TRUE,TRUE,1,1,TRUE,1,1
RedAwning,502682,121053745,RedAwningHC,The Village At 74th 3 Bedroom Home,USA,OnboardingSucceeded,,,TRUE,TRUE,N/A,TRUE,6,53,N/A,,,,N/A,TRUE,TRUE,TRUE,TRUE,TRUE,N/A,TRUE,TRUE,TRUE,TRUE,TRUE,TRUE,1,1,TRUE,1,1
RedAwning,502697,121053782,RedAwningHC,Hidden Creek 37d 4 Bedroom Condo,USA,OnboardingSucceeded,,,TRUE,TRUE,N/A,TRUE,6,24,N/A,,,,N/A,TRUE,TRUE,TRUE,TRUE,TRUE,N/A,TRUE,TRUE,TRUE,TRUE,TRUE,TRUE,1,1,TRUE,1,1
RedAwning,502690,121053771,RedAwningHC,Fairways 12a 3 Bedroom Condo,USA,OnboardingSucceeded,,,TRUE,TRUE,N/A,TRUE,6,34,N/A,,,,N/A,TRUE,TRUE,TRUE,TRUE,TRUE,N/A,TRUE,TRUE,TRUE,TRUE,TRUE,TRUE,1,1,TRUE,1,1
RedAwning,502694,121053778,RedAwningHC,River Oaks 57b 2 Bedroom Condo,USA,OnboardingSucceeded,,,TRUE,TRUE,N/A,TRUE,6,44,N/A,,,,N/A,TRUE,TRUE,TRUE,TRUE,TRUE,N/A,TRUE,TRUE,TRUE,TRUE,TRUE,TRUE,1,1,TRUE,1,1
RedAwning,502665,121053699,RedAwningHC,Legends 4595 Unit C 2 Bedroom Condo,USA,OnboardingSucceeded,,,TRUE,TRUE,N/A,TRUE,6,31,N/A,,,,N/A,TRUE,TRUE,TRUE,TRUE,TRUE,N/A,TRUE,TRUE,TRUE,TRUE,TRUE,TRUE,1,1,TRUE,1,1
RedAwning,502661,121053695,RedAwningHC,Cloisters 4705 3 Bedroom Home,USA,OnboardingSucceeded,,,TRUE,TRUE,N/A,TRUE,6,72,N/A,,,,N/A,TRUE,TRUE,TRUE,TRUE,TRUE,N/A,TRUE,TRUE,TRUE,TRUE,TRUE,TRUE,1,1,TRUE,1,1
RedAwning,502689,121053754,RedAwningHC,Fairways 27e 3 Bedroom Condo,USA,OnboardingSucceeded,,,TRUE,TRUE,N/A,TRUE,6,28,N/A,,,,N/A,TRUE,TRUE,TRUE,TRUE,TRUE,N/A,TRUE,TRUE,TRUE,TRUE,TRUE,TRUE,1,1,TRUE,1,1
RedAwning,502685,121053749,RedAwningHC,River Oaks 60n 2 Bedroom Condo,USA,OnboardingSucceeded,,,TRUE,TRUE,N/A,TRUE,6,33,N/A,,,,N/A,TRUE,TRUE,TRUE,TRUE,TRUE,N/A,TRUE,TRUE,TRUE,TRUE,TRUE,TRUE,1,1,TRUE,1,1
RedAwning,502664,121053698,RedAwningHC,Magnolia Pointe 4820-302 2 Bedroom Condo,USA,OnboardingSucceeded,,,TRUE,TRUE,N/A,TRUE,6,32,N/A,,,,N/A,TRUE,TRUE,TRUE,TRUE,TRUE,N/A,TRUE,TRUE,TRUE,TRUE,TRUE,TRUE,1,1,TRUE,1,1
RedAwning,502660,121053694,RedAwningHC,World Tour 100-201a 3 Bedroom Condo,USA,OnboardingSucceeded,,,TRUE,TRUE,N/A,TRUE,6,58,N/A,,,,N/A,TRUE,TRUE,TRUE,TRUE,TRUE,N/A,TRUE,TRUE,TRUE,TRUE,TRUE,TRUE,1,1,TRUE,1,1
RedAwning,502684,121053747,RedAwningHC,Mane Stay At Terra 3 Bedroom Condo,USA,OnboardingSucceeded,,,TRUE,TRUE,N/A,TRUE,6,48,N/A,,,,N/A,TRUE,TRUE,TRUE,TRUE,TRUE,N/A,TRUE,TRUE,TRUE,TRUE,TRUE,TRUE,1,1,TRUE,1,1
RedAwning,502673,121053729,RedAwningHC,Heron Pointe C12 2 Bedroom Condo,USA,OnboardingSucceeded,,,TRUE,TRUE,N/A,TRUE,6,36,N/A,,,,N/A,TRUE,TRUE,TRUE,TRUE,TRUE,N/A,TRUE,TRUE,TRUE,TRUE,TRUE,TRUE,1,1,TRUE,1,1
RedAwning,502675,121053737,RedAwningHC,North Hampton 124 2 Bedroom Condo,USA,OnboardingSucceeded,,,TRUE,TRUE,N/A,TRUE,6,53,N/A,,,,N/A,TRUE,TRUE,TRUE,TRUE,TRUE,N/A,TRUE,TRUE,TRUE,TRUE,TRUE,TRUE,1,1,TRUE,1,1
RedAwning,502668,121053707,RedAwningHC,Magnolia Point Magnolia Lake 4817-303 2 Bedroom Condo,USA,OnboardingSucceeded,,,TRUE,TRUE,N/A,TRUE,6,28,N/A,,,,N/A,TRUE,TRUE,TRUE,TRUE,TRUE,N/A,TRUE,TRUE,TRUE,TRUE,TRUE,TRUE,1,1,TRUE,1,1
RedAwning,502646,121053658,RedAwningHC,Ocean Forest 1401 1 Bedroom Condo,USA,OnboardingSucceeded,,,TRUE,TRUE,N/A,TRUE,6,43,N/A,,,,N/A,TRUE,TRUE,TRUE,TRUE,TRUE,N/A,TRUE,TRUE,TRUE,TRUE,TRUE,TRUE,1,1,TRUE,1,253
RedAwning,502637,121053625,RedAwningHC,World Tour 104-306a 3 Bedroom Condo,USA,OnboardingSucceeded,,,TRUE,TRUE,N/A,TRUE,6,49,N/A,,,,N/A,TRUE,TRUE,TRUE,TRUE,TRUE,N/A,TRUE,TRUE,TRUE,TRUE,TRUE,TRUE,1,1,TRUE,1,1
RedAwning,502657,121053685,RedAwningHC,Magnolia North 4839-203 1 Bedroom Condo,USA,OnboardingSucceeded,,,TRUE,TRUE,N/A,TRUE,6,35,N/A,,,,N/A,TRUE,TRUE,TRUE,TRUE,TRUE,N/A,TRUE,TRUE,TRUE,TRUE,TRUE,TRUE,1,1,TRUE,1,1
RedAwning,502649,121053675,RedAwningHC,Verandas 407 2 Bedroom Condo,USA,OnboardingSucceeded,,,TRUE,TRUE,N/A,TRUE,6,49,N/A,,,,N/A,TRUE,TRUE,TRUE,TRUE,TRUE,N/A,TRUE,TRUE,TRUE,TRUE,TRUE,TRUE,1,1,TRUE,1,1
RedAwning,502633,121053617,RedAwningHC,Magnolia Pointe Luster Leaf 4879-103 2 Bedroom Condo,USA,OnboardingSucceeded,,,TRUE,TRUE,N/A,TRUE,6,42,N/A,,,,N/A,TRUE,TRUE,TRUE,TRUE,TRUE,N/A,TRUE,TRUE,TRUE,TRUE,TRUE,TRUE,1,1,TRUE,1,1
RedAwning,502671,121053720,RedAwningHC,Ocean Forest 2309 2 Bedroom Condo,USA,OnboardingSucceeded,,,TRUE,TRUE,N/A,TRUE,6,44,N/A,,,,N/A,TRUE,TRUE,TRUE,TRUE,TRUE,N/A,TRUE,TRUE,TRUE,TRUE,TRUE,TRUE,1,1,TRUE,1,1
RedAwning,502631,121053615,RedAwningHC,Magnolia Pointe Luster Leaf 4891-205 3 Bedroom Condo,USA,OnboardingSucceeded,,,TRUE,TRUE,N/A,TRUE,6,38,N/A,,,,N/A,TRUE,TRUE,TRUE,TRUE,TRUE,N/A,TRUE,TRUE,TRUE,TRUE,TRUE,TRUE,1,1,TRUE,1,1
RedAwning,502639,121053645,RedAwningHC,Ironwood 1721 2 Bedroom Condo,USA,OnboardingSucceeded,,,TRUE,TRUE,N/A,TRUE,6,40,N/A,,,,N/A,TRUE,TRUE,TRUE,TRUE,TRUE,N/A,TRUE,TRUE,TRUE,TRUE,TRUE,TRUE,1,1,TRUE,1,1
RedAwning,502636,121053623,RedAwningHC,Horizon 701 3 Bedroom Condo,USA,OnboardingSucceeded,,,TRUE,TRUE,N/A,TRUE,6,56,N/A,,,,N/A,TRUE,TRUE,TRUE,TRUE,TRUE,N/A,TRUE,TRUE,TRUE,TRUE,TRUE,TRUE,1,1,TRUE,1,1
RedAwning,502648,121053672,RedAwningHC,Magnolia Pointe Luster Leaf 4890-301 3 Bedroom Condo,USA,OnboardingSucceeded,,,TRUE,TRUE,N/A,TRUE,6,38,N/A,,,,N/A,TRUE,TRUE,TRUE,TRUE,TRUE,N/A,TRUE,TRUE,TRUE,TRUE,TRUE,TRUE,1,1,TRUE,1,1
RedAwning,502614,121053575,RedAwningHC,Waterway Village 3i 2 Bedroom Condo,USA,OnboardingSucceeded,,,TRUE,TRUE,N/A,TRUE,6,40,N/A,,,,N/A,TRUE,TRUE,TRUE,TRUE,TRUE,N/A,TRUE,TRUE,TRUE,TRUE,TRUE,TRUE,1,1,TRUE,1,1
RedAwning,502606,120869236,RedAwningHC,Sunsets At The Strand 1 Bedroom Condo,USA,OnboardingSucceeded,,,TRUE,TRUE,N/A,TRUE,6,54,N/A,,,,N/A,TRUE,TRUE,TRUE,TRUE,TRUE,N/A,TRUE,TRUE,TRUE,TRUE,TRUE,TRUE,1,1,TRUE,1,101
RedAwning,502572,120797371,RedAwningHC,Sapphire Condo & Spa Unit # 406 3 Bedroom Condo,USA,OnboardingSucceeded,,,TRUE,TRUE,N/A,TRUE,6,32,N/A,,,,N/A,TRUE,TRUE,TRUE,TRUE,TRUE,N/A,TRUE,TRUE,TRUE,TRUE,TRUE,TRUE,1,1,TRUE,1,229
RedAwning,502400,120797312,RedAwningHC,Rouge Cobb Mountain Hotel - Cabin 2,USA,OnboardingSucceeded,,,TRUE,FALSE,FALSE,TRUE,6,11,N/A,,,,N/A,TRUE,TRUE,TRUE,TRUE,TRUE,N/A,TRUE,TRUE,TRUE,TRUE,TRUE,TRUE,1,1,TRUE,1,1
RedAwning,502573,120797435,RedAwningHC,Nomad House At The Shores 3 Bedroom Home,USA,OnboardingSucceeded,,,TRUE,TRUE,N/A,TRUE,6,40,N/A,,,,N/A,TRUE,TRUE,TRUE,TRUE,TRUE,N/A,TRUE,TRUE,TRUE,TRUE,TRUE,TRUE,1,1,TRUE,1,213
RedAwning,502578,120797453,RedAwningHC,Misty Mountain Getaway - 2 bedroom 2 Cabin,USA,OnboardingSucceeded,,,TRUE,TRUE,N/A,TRUE,6,31,N/A,,,,N/A,TRUE,TRUE,TRUE,TRUE,TRUE,N/A,TRUE,TRUE,TRUE,TRUE,TRUE,TRUE,1,1,TRUE,1,1
RedAwning,502575,120797442,RedAwningHC,203 Village Gate 1 Bedroom Condo,USA,OnboardingSucceeded,,,TRUE,TRUE,N/A,TRUE,6,25,N/A,,,,N/A,TRUE,TRUE,TRUE,TRUE,TRUE,N/A,TRUE,TRUE,TRUE,TRUE,TRUE,TRUE,1,1,TRUE,1,186
RedAwning,502555,120750427,RedAwningHC,Capstone 5 4 Bedroom Townhouse,USA,OnboardingSucceeded,,,TRUE,TRUE,N/A,TRUE,6,29,N/A,,,,N/A,TRUE,TRUE,TRUE,TRUE,TRUE,N/A,TRUE,TRUE,TRUE,TRUE,TRUE,TRUE,1,1,TRUE,1,1
RedAwning,502571,120797367,RedAwningHC,Gulfpoint Condo Unit 2101 2 Bedroom Condo,USA,OnboardingSucceeded,,,TRUE,TRUE,N/A,TRUE,6,38,N/A,,,,N/A,TRUE,TRUE,TRUE,TRUE,TRUE,N/A,TRUE,TRUE,TRUE,TRUE,TRUE,TRUE,1,1,TRUE,1,95
RedAwning,480275,120705648,RedAwningHC,Phoenix Vi 6513 3 Bedroom Condo,USA,OnboardingSucceeded,,,TRUE,TRUE,N/A,TRUE,6,51,N/A,,,,N/A,TRUE,TRUE,TRUE,TRUE,TRUE,N/A,TRUE,TRUE,TRUE,TRUE,TRUE,TRUE,1,1,TRUE,1,1
RedAwning,481233,120705660,RedAwningHC,Phoenix Vi 61408 3 Bedroom Condo,USA,OnboardingSucceeded,,,TRUE,TRUE,N/A,TRUE,6,49,N/A,,,,N/A,TRUE,TRUE,TRUE,TRUE,TRUE,N/A,TRUE,TRUE,TRUE,TRUE,TRUE,TRUE,1,1,TRUE,1,1
RedAwning,482250,120705676,RedAwningHC,Phoenix Vi 6003 3 Bedroom Condo,USA,OnboardingSucceeded,,,TRUE,TRUE,N/A,TRUE,6,48,N/A,,,,N/A,TRUE,TRUE,TRUE,TRUE,TRUE,N/A,TRUE,TRUE,TRUE,TRUE,TRUE,TRUE,1,1,TRUE,1,1
RedAwning,478702,120705629,RedAwningHC,Phoenix Vi 61004 2 Bedroom Condo,USA,OnboardingSucceeded,,,TRUE,TRUE,N/A,TRUE,6,45,N/A,,,,N/A,TRUE,TRUE,TRUE,TRUE,TRUE,N/A,TRUE,TRUE,TRUE,TRUE,TRUE,TRUE,1,1,TRUE,1,1
RedAwning,502252,120657222,RedAwningHC,Spf 98 2 Bedroom Townhouse,USA,OnboardingSucceeded,,,TRUE,TRUE,N/A,TRUE,6,24,N/A,,,,N/A,TRUE,TRUE,TRUE,TRUE,TRUE,N/A,TRUE,TRUE,TRUE,TRUE,TRUE,TRUE,1,1,TRUE,1,276
RedAwning,502541,120647364,RedAwningHC,Sunset Games Retreat At Reunion Resort 6 Bedroom Villa,USA,OnboardingSucceeded,,,TRUE,TRUE,N/A,TRUE,6,76,N/A,,,,N/A,TRUE,TRUE,TRUE,TRUE,TRUE,N/A,TRUE,TRUE,TRUE,TRUE,TRUE,TRUE,1,1,TRUE,1,1
RedAwning,502534,120647363,RedAwningHC,Capstone 6 3 Bedroom Townhouse,USA,OnboardingSucceeded,,,TRUE,TRUE,N/A,TRUE,6,19,N/A,,,,N/A,TRUE,TRUE,TRUE,TRUE,TRUE,N/A,TRUE,TRUE,TRUE,TRUE,TRUE,TRUE,1,1,TRUE,1,147
RedAwning,502645,121053654,RedAwningHC,Magnolia North 4827-302 2 Bedroom Condo,USA,OnboardingSucceeded,,,TRUE,TRUE,N/A,TRUE,6,34,N/A,,,,N/A,TRUE,TRUE,TRUE,TRUE,TRUE,N/A,TRUE,TRUE,TRUE,TRUE,TRUE,TRUE,1,1,TRUE,1,1
RedAwning,502656,121053684,RedAwningHC,Magnolia Pointe 4801-202 2 Bedroom Condo,USA,OnboardingSucceeded,,,TRUE,TRUE,N/A,TRUE,6,30,N/A,,,,N/A,TRUE,TRUE,TRUE,TRUE,TRUE,N/A,TRUE,TRUE,TRUE,TRUE,TRUE,TRUE,1,1,TRUE,1,1
RedAwning,502626,121053601,RedAwningHC,West Hyde Park 2e 2 Bedroom Condo,USA,OnboardingSucceeded,,,TRUE,TRUE,N/A,TRUE,6,53,N/A,,,,N/A,TRUE,TRUE,TRUE,TRUE,TRUE,N/A,TRUE,TRUE,TRUE,TRUE,TRUE,TRUE,1,1,TRUE,1,1
RedAwning,502634,121053619,RedAwningHC,World Tour 104-206a 3 Bedroom Condo,USA,OnboardingSucceeded,,,TRUE,TRUE,N/A,TRUE,6,41,N/A,,,,N/A,TRUE,TRUE,TRUE,TRUE,TRUE,N/A,TRUE,TRUE,TRUE,TRUE,TRUE,TRUE,1,1,TRUE,1,1
RedAwning,502607,121053567,RedAwningHC,D410 Lorena Ochoa 4 Bedroom Apts,MEX,OnboardingSucceeded,,,TRUE,TRUE,N/A,TRUE,6,50,N/A,,,,N/A,TRUE,TRUE,TRUE,TRUE,TRUE,N/A,TRUE,TRUE,TRUE,TRUE,TRUE,TRUE,1,1,TRUE,1,1
RedAwning,502611,121053568,RedAwningHC,Ocean Forest 1006 1 Bedroom Condo,USA,OnboardingSucceeded,,,TRUE,TRUE,N/A,TRUE,6,34,N/A,,,,N/A,TRUE,TRUE,TRUE,TRUE,TRUE,N/A,TRUE,TRUE,TRUE,TRUE,TRUE,TRUE,1,1,TRUE,1,1
RedAwning,502615,121053576,RedAwningHC,Magnolia Pointe Magnolia Lake 4827-301 3 Bedroom Condo,USA,OnboardingSucceeded,,,TRUE,TRUE,N/A,TRUE,6,40,N/A,,,,N/A,TRUE,TRUE,TRUE,TRUE,TRUE,N/A,TRUE,TRUE,TRUE,TRUE,TRUE,TRUE,1,1,TRUE,1,1
RedAwning,502594,121053564,RedAwningHC,504 Brighton 2 Bedroom Condo,USA,OnboardingSucceeded,,,TRUE,TRUE,N/A,TRUE,6,24,N/A,,,,N/A,TRUE,TRUE,TRUE,TRUE,TRUE,N/A,TRUE,TRUE,TRUE,TRUE,TRUE,TRUE,1,1,TRUE,1,185
RedAwning,502600,120869235,RedAwningHC,2795 Slopeside 1 Bedroom Condo,USA,OnboardingSucceeded,,,FALSE,FALSE,FALSE,TRUE,6,20,N/A,,,,N/A,TRUE,TRUE,TRUE,TRUE,TRUE,N/A,TRUE,TRUE,TRUE,TRUE,TRUE,TRUE,1,1,TRUE,1,358
RedAwning,502589,120837384,RedAwningHC,Magnolia North 4880 Unit 101 3 Bedroom Condo,USA,OnboardingSucceeded,,,TRUE,TRUE,N/A,TRUE,6,38,N/A,,,,N/A,TRUE,TRUE,TRUE,TRUE,TRUE,N/A,TRUE,TRUE,TRUE,TRUE,TRUE,TRUE,1,1,TRUE,1,1
RedAwning,502565,120797333,RedAwningHC,Lo'i Hale 3 Bedroom Home,USA,OnboardingSucceeded,,,FALSE,FALSE,FALSE,TRUE,6,19,N/A,,,,N/A,TRUE,TRUE,TRUE,TRUE,TRUE,N/A,TRUE,TRUE,TRUE,TRUE,TRUE,TRUE,1,1,TRUE,1,1
RedAwning,502527,120797326,RedAwningHC,Rouge Cobb Mountain Hotel - Cabin 4,USA,OnboardingSucceeded,,,TRUE,FALSE,FALSE,TRUE,6,12,N/A,,,,N/A,TRUE,TRUE,TRUE,TRUE,TRUE,N/A,TRUE,TRUE,TRUE,TRUE,TRUE,TRUE,1,1,TRUE,1,1
RedAwning,502518,120678088,RedAwningHC,Colony Surf 208 Condo,USA,OnboardingSucceeded,,,FALSE,FALSE,FALSE,TRUE,6,38,N/A,,,,N/A,TRUE,TRUE,N/A,TRUE,TRUE,N/A,TRUE,TRUE,TRUE,TRUE,TRUE,TRUE,1,1,TRUE,1,1
RedAwning,502539,120678119,RedAwningHC,1513nassau 5 Bedroom Villa,USA,OnboardingSucceeded,,,TRUE,TRUE,N/A,TRUE,6,58,N/A,,,,N/A,TRUE,TRUE,TRUE,TRUE,TRUE,N/A,TRUE,TRUE,TRUE,TRUE,TRUE,TRUE,1,1,TRUE,1,1
RedAwning,502519,120657229,RedAwningHC,Rockport Treehouse 1 Bedroom Home,USA,OnboardingSucceeded,,,TRUE,TRUE,N/A,TRUE,6,19,N/A,,,,N/A,TRUE,TRUE,TRUE,TRUE,TRUE,N/A,TRUE,TRUE,TRUE,TRUE,TRUE,TRUE,1,1,TRUE,1,212
RedAwning,502535,120678117,RedAwningHC,5 Bed | 4.5 Bath Townhouse W/ Pool Solara 2307dist 5 Bedroom Townhouse,USA,OnboardingSucceeded,,,TRUE,TRUE,N/A,TRUE,6,61,N/A,,,,N/A,TRUE,TRUE,TRUE,TRUE,TRUE,N/A,TRUE,TRUE,TRUE,TRUE,TRUE,TRUE,1,1,TRUE,1,1
RedAwning,502809,121236233,RedAwningHC,Kuau Plaza 302 1 Bedroom Condo,USA,OnboardingSucceeded,,,FALSE,FALSE,FALSE,TRUE,6,18,N/A,,,,N/A,TRUE,TRUE,TRUE,TRUE,TRUE,N/A,TRUE,TRUE,TRUE,TRUE,TRUE,TRUE,1,1,TRUE,1,1
RedAwning,502754,121290729,RedAwningHC,The North House 3 Bedroom Home,USA,OnboardingSucceeded,,,FALSE,FALSE,N/A,FALSE,6,0,N/A,,,,N/A,TRUE,TRUE,TRUE,TRUE,TRUE,N/A,TRUE,TRUE,TRUE,TRUE,TRUE,FALSE,1,0,TRUE,1,1
RedAwning,502596,121202095,RedAwningHC,Terrace At Pelican Beach 0107 3 Bedroom Condo,USA,OnboardingSucceeded,,,TRUE,TRUE,N/A,TRUE,6,28,N/A,,,,N/A,TRUE,TRUE,TRUE,TRUE,TRUE,N/A,TRUE,TRUE,TRUE,TRUE,TRUE,TRUE,1,1,TRUE,1,1
RedAwning,502801,121236221,RedAwningHC,Tee For Two 6 Bedroom Condo,USA,OnboardingSucceeded,,,TRUE,TRUE,N/A,TRUE,6,67,N/A,,,,N/A,TRUE,TRUE,TRUE,TRUE,TRUE,N/A,TRUE,TRUE,TRUE,TRUE,TRUE,TRUE,1,1,TRUE,1,1
RedAwning,502752,121202125,RedAwningHC,Island Time 3 Bedroom Home,USA,OnboardingSucceeded,,,FALSE,FALSE,FALSE,TRUE,6,19,N/A,,,,N/A,TRUE,TRUE,TRUE,TRUE,TRUE,N/A,TRUE,TRUE,TRUE,TRUE,TRUE,TRUE,1,1,TRUE,1,1
RedAwning,502524,121202081,RedAwningHC,Relaxing Coastal Escape With Amazing Views 5 Bedroom Home,USA,OnboardingSucceeded,,,FALSE,FALSE,FALSE,TRUE,6,35,N/A,,,,N/A,TRUE,TRUE,TRUE,TRUE,TRUE,N/A,TRUE,TRUE,TRUE,TRUE,TRUE,TRUE,1,1,TRUE,1,1
RedAwning,502587,121236208,RedAwningHC,Bluebird Hill And Star Suite 5 Bedroom Home,USA,OnboardingSucceeded,,,TRUE,TRUE,N/A,TRUE,6,65,N/A,,,,N/A,TRUE,TRUE,TRUE,TRUE,TRUE,N/A,TRUE,TRUE,TRUE,TRUE,TRUE,TRUE,1,1,TRUE,1,1
RedAwning,502735,121108000,RedAwningHC,Mainsail 143 2 Bedroom Condo,USA,OnboardingSucceeded,,,TRUE,TRUE,N/A,TRUE,6,36,N/A,,,,N/A,TRUE,TRUE,TRUE,TRUE,TRUE,N/A,TRUE,TRUE,TRUE,TRUE,TRUE,TRUE,1,1,TRUE,1,1
RedAwning,502734,121107994,RedAwningHC,Lazy Days At Waterside 2 Bedroom Townhouse,USA,OnboardingSucceeded,,,TRUE,TRUE,N/A,TRUE,6,55,N/A,,,,N/A,TRUE,TRUE,TRUE,TRUE,TRUE,N/A,TRUE,TRUE,TRUE,TRUE,TRUE,TRUE,1,1,TRUE,1,1
RedAwning,502691,121053772,RedAwningHC,River Walk 301 2 Bedroom Condo,USA,OnboardingSucceeded,,,TRUE,TRUE,N/A,TRUE,6,42,N/A,,,,N/A,TRUE,TRUE,TRUE,TRUE,TRUE,N/A,TRUE,TRUE,TRUE,TRUE,TRUE,TRUE,1,1,TRUE,1,1
RedAwning,502695,121053779,RedAwningHC,South Hampton 301 2 Bedroom Condo,USA,OnboardingSucceeded,,,TRUE,TRUE,N/A,TRUE,6,43,N/A,,,,N/A,TRUE,TRUE,TRUE,TRUE,TRUE,N/A,TRUE,TRUE,TRUE,TRUE,TRUE,TRUE,1,1,TRUE,1,1
RedAwning,502715,121107876,RedAwningHC,N4 Amelia South 2 Bedroom Condo,USA,OnboardingSucceeded,,,TRUE,TRUE,N/A,TRUE,6,36,N/A,,,,N/A,TRUE,TRUE,TRUE,TRUE,TRUE,N/A,TRUE,TRUE,TRUE,TRUE,TRUE,TRUE,1,1,TRUE,1,1
RedAwning,502677,121053740,RedAwningHC,Magnolia Place 4789-103 2 Bedroom Condo,USA,OnboardingSucceeded,,,TRUE,TRUE,N/A,TRUE,6,45,N/A,,,,N/A,TRUE,TRUE,TRUE,TRUE,TRUE,N/A,TRUE,TRUE,TRUE,TRUE,TRUE,TRUE,1,1,TRUE,1,1
RedAwning,502651,121053679,RedAwningHC,Waterway Village 27f 2 Bedroom Condo,USA,OnboardingSucceeded,,,TRUE,TRUE,N/A,TRUE,6,33,N/A,,,,N/A,TRUE,TRUE,TRUE,TRUE,TRUE,N/A,TRUE,TRUE,TRUE,TRUE,TRUE,TRUE,1,1,TRUE,1,1
RedAwning,502693,121053774,RedAwningHC,South Beach Cottages 2619 4 Bedroom Home,USA,OnboardingSucceeded,,,TRUE,TRUE,N/A,TRUE,6,51,N/A,,,,N/A,TRUE,TRUE,TRUE,TRUE,TRUE,N/A,TRUE,TRUE,TRUE,TRUE,TRUE,TRUE,1,1,TRUE,1,1
RedAwning,502647,121053659,RedAwningHC,Caravelle 706 1 Bedroom Condo,USA,OnboardingSucceeded,,,TRUE,TRUE,N/A,TRUE,6,51,N/A,,,,N/A,TRUE,TRUE,TRUE,TRUE,TRUE,N/A,TRUE,TRUE,TRUE,TRUE,TRUE,TRUE,1,1,TRUE,1,186
RedAwning,502653,121053681,RedAwningHC,Magnolia Place 4665-301 2 Bedroom Condo,USA,OnboardingSucceeded,,,TRUE,TRUE,N/A,TRUE,6,33,N/A,,,,N/A,TRUE,TRUE,TRUE,TRUE,TRUE,N/A,TRUE,TRUE,TRUE,TRUE,TRUE,TRUE,1,1,TRUE,1,1
RedAwning,502659,121053693,RedAwningHC,Magnolia Pointe Luster Leaf 4887-203 2 Bedroom Condo,USA,OnboardingSucceeded,,,TRUE,TRUE,N/A,TRUE,6,27,N/A,,,,N/A,TRUE,TRUE,TRUE,TRUE,TRUE,N/A,TRUE,TRUE,TRUE,TRUE,TRUE,TRUE,1,1,TRUE,1,1
RedAwning,502666,121053706,RedAwningHC,Magnolia North 4855-202 2 Bedroom Condo,USA,OnboardingSucceeded,,,TRUE,TRUE,N/A,TRUE,6,38,N/A,,,,N/A,TRUE,TRUE,TRUE,TRUE,TRUE,N/A,TRUE,TRUE,TRUE,TRUE,TRUE,TRUE,1,1,TRUE,1,1
RedAwning,502641,121053650,RedAwningHC,Legends 4408 Unit C 3 Bedroom Home,USA,OnboardingSucceeded,,,TRUE,TRUE,N/A,TRUE,6,43,N/A,,,,N/A,TRUE,TRUE,TRUE,TRUE,TRUE,N/A,TRUE,TRUE,TRUE,TRUE,TRUE,TRUE,1,1,TRUE,1,1
RedAwning,502625,121053600,RedAwningHC,Magnolia Place 4703-202 2 Bedroom Condo,USA,OnboardingSucceeded,,,TRUE,TRUE,N/A,TRUE,6,26,N/A,,,,N/A,TRUE,TRUE,TRUE,TRUE,TRUE,N/A,TRUE,TRUE,TRUE,TRUE,TRUE,TRUE,1,1,TRUE,1,1
RedAwning,502617,121053582,RedAwningHC,Magnolia North 4868-105 2 Bedroom Condo,USA,OnboardingSucceeded,,,TRUE,TRUE,N/A,TRUE,6,40,N/A,,,,N/A,TRUE,TRUE,TRUE,TRUE,TRUE,N/A,TRUE,TRUE,TRUE,TRUE,TRUE,TRUE,1,1,TRUE,1,1
RedAwning,502613,121053571,RedAwningHC,Shipwatch D104 2 Bedroom Condo,USA,OnboardingSucceeded,,,TRUE,TRUE,N/A,TRUE,6,33,N/A,,,,N/A,TRUE,TRUE,TRUE,TRUE,TRUE,N/A,TRUE,TRUE,TRUE,TRUE,TRUE,TRUE,1,1,TRUE,1,1
RedAwning,502574,120797438,RedAwningHC,8242 Breakers Blvd. 5 Bedroom Home,USA,OnboardingSucceeded,,,TRUE,TRUE,N/A,TRUE,6,61,N/A,,,,N/A,TRUE,TRUE,TRUE,TRUE,TRUE,N/A,TRUE,TRUE,TRUE,TRUE,TRUE,TRUE,1,1,TRUE,1,197
RedAwning,502582,120837381,RedAwningHC,Stylish Downtown Unit With Historic Charm 2 Bedroom Apts,USA,OnboardingSucceeded,,,TRUE,TRUE,N/A,TRUE,6,32,N/A,,,,N/A,TRUE,TRUE,TRUE,TRUE,TRUE,N/A,TRUE,TRUE,TRUE,TRUE,TRUE,TRUE,1,1,TRUE,1,1
RedAwning,502579,120797456,RedAwningHC,"Makena Surf, #f-206 2 Bedroom Condo",USA,OnboardingSucceeded,,,TRUE,TRUE,TRUE,TRUE,6,61,N/A,,,,N/A,TRUE,TRUE,TRUE,TRUE,TRUE,N/A,TRUE,TRUE,TRUE,TRUE,TRUE,TRUE,1,1,TRUE,1,211
RedAwning,502569,120797344,RedAwningHC,"Miramar House, 120 E. Constellation 6 Bedroom Home",USA,OnboardingSucceeded,,,TRUE,TRUE,N/A,TRUE,6,57,N/A,,,,N/A,TRUE,TRUE,TRUE,TRUE,TRUE,N/A,TRUE,TRUE,TRUE,TRUE,TRUE,TRUE,1,1,TRUE,1,1
RedAwning,502529,120705691,RedAwningHC,Luxury Ocean View Condo - Heated Pool And Spa Condo,USA,OnboardingSucceeded,,,TRUE,TRUE,TRUE,TRUE,6,43,N/A,,,,N/A,TRUE,TRUE,N/A,TRUE,TRUE,N/A,TRUE,TRUE,TRUE,TRUE,TRUE,TRUE,1,1,TRUE,1,349
RedAwning,502383,120750422,RedAwningHC,Cozy Moultrie Home With Backyard Retreat 3 Bedroom Home,USA,OnboardingSucceeded,,,TRUE,TRUE,N/A,TRUE,6,32,N/A,,,,N/A,TRUE,TRUE,TRUE,TRUE,TRUE,N/A,TRUE,TRUE,TRUE,TRUE,TRUE,TRUE,1,1,TRUE,1,1
RedAwning,502498,120705685,RedAwningHC,Chicago Getaway With Pool Table & Modern Comfort 3 Bedroom Home,USA,OnboardingSucceeded,,,FALSE,FALSE,FALSE,TRUE,6,27,N/A,,,,N/A,TRUE,TRUE,TRUE,TRUE,TRUE,N/A,TRUE,TRUE,TRUE,TRUE,TRUE,TRUE,1,1,TRUE,1,1
RedAwning,480954,120705659,RedAwningHC,Phoenix Vi 61001 3 Bedroom Condo,USA,OnboardingSucceeded,,,TRUE,TRUE,N/A,TRUE,6,60,N/A,,,,N/A,TRUE,TRUE,TRUE,TRUE,TRUE,N/A,TRUE,TRUE,TRUE,TRUE,TRUE,TRUE,1,1,TRUE,1,1
RedAwning,481250,120705666,RedAwningHC,Phoenix Vi 6908 3 Bedroom Condo,USA,OnboardingSucceeded,,,TRUE,TRUE,N/A,TRUE,6,51,N/A,,,,N/A,TRUE,TRUE,TRUE,TRUE,TRUE,N/A,TRUE,TRUE,TRUE,TRUE,TRUE,TRUE,1,1,TRUE,1,1
RedAwning,480718,120705657,RedAwningHC,Phoenix Vi 6701 3 Bedroom Condo,USA,OnboardingSucceeded,,,TRUE,TRUE,N/A,TRUE,6,53,N/A,,,,N/A,TRUE,TRUE,TRUE,TRUE,TRUE,N/A,TRUE,TRUE,TRUE,TRUE,TRUE,TRUE,1,1,TRUE,1,1
RedAwning,502540,120678120,RedAwningHC,Solara 1787 Cvt | 6br Villa W/ Pool & Luxury Spa 6 Bedroom Villa,USA,OnboardingSucceeded,,,TRUE,TRUE,N/A,TRUE,6,68,N/A,,,,N/A,TRUE,TRUE,TRUE,TRUE,TRUE,N/A,TRUE,TRUE,TRUE,TRUE,TRUE,TRUE,1,1,TRUE,1,1