Connectivity System,AGL Enablement Date,Type,Property Manager,SF Account Name,SF Account ID,Comment,Last time we got a property
NextPax,2023-08-29,PMSC,AirrivaLLC,VR_PM Airriva LLC,0018b00002LvTLcAAN,,2023-11-11
Rentals United,2024-08-29,PMSC,AirrivaLLC,VR_PM Airriva LLC,0018b00002LvTLcAAN,,NEVER
NextPax,2023-08-29,PMSC,ameliarentalandmanagementservices,VR_PM Amelia Rental and Management Services,0010y00001dvLe7AAE,,2020-02-15
Rentals United,2024-08-29,PMSC,ameliarentalandmanagementservices,VR_PM Amelia Rental and Management Services,0010y00001dvLe7AAE,,NEVER
NextPax,2023-08-29,PMSC,amsunvacationhomes,VR_PM AmSun Vacation Homes,0010y00001gZQ37AAG,,2019-11-08
Rentals United,2024-08-29,PMSC,amsunvacationhomes,VR_PM AmSun Vacation Homes,0010y00001gZQ37AAG,,NEVER
NextPax,2023-08-29,PMSC,awaze-landal,VR_PM Awaze - Landal,0010y00001lLr6LAAS,,2022-11-16
Rentals United,2024-08-29,PMSC,awaze-landal,VR_PM Awaze - Landal,0010y00001lLr6LAAS,,NEVER
NextPax,2023-08-29,PMSC,BlueStarRealEstateLLC,VR_PM BlueStar Real Estate LLC,0018b00002c6b7sAAA,,2025-01-19
Rentals United,2024-08-29,PMSC,BlueStarRealEstateLLC,VR_PM BlueStar Real Estate LLC,0018b00002c6b7sAAA,,NEVER
BookingSync,2023-11-03,PMSC,BonnaudEstatesEUR,VR_PM Bonnaud Estates,0010y00001cKTNyAAO,,NEVER
BookingPal,N/A,PMSC,BonnaudEstatesEUR,VR_PM Bonnaud Estates,0010y00001cKTNyAAO,,
NextPax,2023-08-29,PMSC,bookbnb,NOT FOUND,NOT FOUND,,2022-05-11
Rentals United,2024-08-29,PMSC,bookbnb,NOT FOUND,NOT FOUND,,NEVER
NextPax,2023-08-29,PMSC,bookersunited,VR_PM Bookers United,0010y00001duzKoAAI,,2020-09-02
Rentals United,2024-08-29,PMSC,bookersunited,VR_PM Bookers United,0010y00001duzKoAAI,,NEVER
NextPax,2023-08-29,PMSC,BricVacationRentals,NOT FOUND,NOT FOUND,,NEVER
Rentals United,2024-08-29,PMSC,BricVacationRentals,NOT FOUND,NOT FOUND,,NEVER
NextPax,2023-08-29,PMSC,CallanApartments,VR_PM M.B CALLAN & M.G CALLAN (Callan Apartments),0010y00001ZN6tZAAT,,2022-08-25
Rentals United,2024-08-29,PMSC,CallanApartments,NOT FOUND,NOT FOUND,,NEVER
NextPax,2023-08-29,PMSC,carolinaproperties,VR_PM Carolina Properties,0010y00001jgKdgAAE,,2020-11-26
Rentals United,2024-08-29,PMSC,carolinaproperties,VR_PM Carolina Properties,0010y00001jgKdgAAE,,NEVER
NextPax,2023-08-29,PMSC,CasadiMareInc,VR_PM Casa di Mare Inc (iTrips North Shore MA),0010y00001pHdbOAAS,,2024-07-23
Rentals United,2024-08-29,PMSC,CasadiMareInc,VR_PM Casa di Mare Inc (iTrips North Shore MA),0010y00001pHdbOAAS,,NEVER
NextPax,2023-08-29,PMSC,ciirusmd,VR_PM CiiRUS MD,0010y00001ZoKmnAAF,,NEVER
Rentals United,2024-08-29,PMSC,ciirusmd,VR_PM CiiRUS MD,0010y00001ZoKmnAAF,,NEVER
BookingSync,2023-11-03,PMSC,CityRelay,VR_PM City Relay,0010y00001YBpG7AAL,Single Unit: BOOKINGSYNC | Multi Unit: Rentals United,2024-11-20
Rentals United,2024-08-29,PMSC,CityRelay,VR_PM City Relay,0010y00001YBpG7AAL,Single Unit: BOOKINGSYNC | Multi Unit: Rentals United,2023-08-30
NextPax,2023-08-29,PMSC,CuteSnowVillas,VR_PM Cute Snow Villas,0010y00001cIjvbAAC,,2024-11-28
Rentals United,2024-08-29,PMSC,CuteSnowVillas,NOT FOUND,NOT FOUND,,NEVER
NextPax,2023-08-29,PMSC,dnqllc,VR_PM DNQ LLC,0010y00001kxb0IAAQ,,NEVER
Rentals United,2024-08-29,PMSC,dnqllc,VR_PM DNQ LLC,0010y00001kxb0IAAQ,,NEVER
NextPax,2023-08-29,PMSC,DreamVacationRentalsInc,VR_PM Dream Vacation Rentals Inc,0010y00001YB4DYAA1,,2023-09-27
Rentals United,2024-08-29,PMSC,DreamVacationRentalsInc,VR_PM Dream Vacation Rentals Inc,0010y00001YB4DYAA1,,NEVER
NextPax,2023-08-29,PMSC,Droomparken,VR_PM Droomparken,0010y00001anqyaAAA,,2018-11-12
Rentals United,2024-08-29,PMSC,Droomparken,VR_PM Droomparken,0010y00001anqyaAAA,,NEVER
NextPax,2023-08-29,PMSC,durango,VR_PM Durango,0010y00001kzNT3AAM,,2021-08-09
Rentals United,2024-08-29,PMSC,durango,VR_PM Durango,0010y00001kzNT3AAM,,NEVER
NextPax,2023-08-29,PMSC,EverythingIsla,VR_PM Everything Isla,0010y00001YAochAAD,,2020-08-01
Rentals United,2024-08-29,PMSC,EverythingIsla,NOT FOUND,NOT FOUND,,NEVER
NextPax,2023-08-29,PMSC,executiveresortsnetworkllc,VR_PM Executive Resorts Network LLC,0010y00001iwvywAAA,,2021-01-01
Rentals United,2024-08-29,PMSC,executiveresortsnetworkllc,VR_PM Executive Resorts Network LLC,0010y00001iwvywAAA,,NEVER
NextPax,2023-08-29,PMSC,FDI,NOT FOUND,NOT FOUND,,2018-11-24
Rentals United,2024-08-29,PMSC,FDI,NOT FOUND,NOT FOUND,,NEVER
NextPax,2023-08-29,PMSC,FirstCoastVacationRentalsLLC,VR_PM First Coast Vacation Rentals LLC (iTrip),0010y00001nijRhAAI,,2025-02-15
Rentals United,2024-08-29,PMSC,FirstCoastVacationRentalsLLC,VR_PM First Coast Vacation Rentals LLC (iTrip),0010y00001nijRhAAI,,NEVER
NextPax,2023-08-29,PMSC,floridadreamhomes,VR_PM #1 Dream Homes Inc,0010y00001hlOQlAAM,,2020-09-15
Rentals United,2024-08-29,PMSC,floridadreamhomes,VR_PM #1 Dream Homes Inc,0010y00001hlOQlAAM,,NEVER
NextPax,2023-08-29,PMSC,floridagoldpropertymanagement,VR_PM Florida Gold Property Management,0010y00001hNf8dAAC,,2020-12-04
Rentals United,2024-08-29,PMSC,floridagoldpropertymanagement,VR_PM Florida Gold Property Management,0010y00001hNf8dAAC,,NEVER
NextPax,2023-08-29,PMSC,floridavillasandhomesbyelitellc,VR_PM Florida Villas and Homes by Elite LLC,0010y00001i05d8AAA,,2021-03-15
Rentals United,2024-08-29,PMSC,floridavillasandhomesbyelitellc,VR_PM Florida Villas and Homes by Elite LLC,0010y00001i05d8AAA,,NEVER
NextPax,2023-08-29,PMSC,Forenom,VR_PM Forenom Apartments,0010y00001a3oBiAAI,,2020-10-30
Rentals United,2024-08-29,PMSC,Forenom,NOT FOUND,NOT FOUND,,NEVER
NextPax,2023-08-29,PMSC,fourseasonspropertymanagement,VR_PM Four Seasons Property Management,0010y00001jgEmbAAE,,2020-08-19
Rentals United,2024-08-29,PMSC,fourseasonspropertymanagement,VR_PM Four Seasons Property Management,0010y00001jgEmbAAE,,NEVER
Nextpax,2023-08-29,PMSC,funquestvacationrentalscorp,VR_PM Funquest Vacation Rentals Corp,0010y00001a3oCoAAI,,2023-11-10
BookingPal,N/A,PMSC,funquestvacationrentalscorp,VR_PM Funquest Vacation Rentals Corp,0010y00001a3oCoAAI,,
NextPax,2023-08-29,PMSC,GibsonBeachRentals,VR_PM Gibson Beach Rentals,0018b00002e6mPHAAY,,2024-10-10
Rentals United,2024-08-29,PMSC,GibsonBeachRentals,VR_PM Gibson Beach Rentals,0018b00002e6mPHAAY,,NEVER
NextPax,2023-08-29,PMSC,gondolaresorts,VR_PM Gondola Resorts,0010y00001a1hnXAAQ,,2025-03-26
Rentals United,2024-08-29,PMSC,gondolaresorts,VR_PM Gondola Resorts,0010y00001a1hnXAAQ,,NEVER
NextPax,2023-08-29,PMSC,HoggEnterprisesLLC,VR_PM Hogg Enterprises LLC,0010y00001nQLWpAAO,,NEVER
Rentals United,2024-08-29,PMSC,HoggEnterprisesLLC,VR_PM Hogg Enterprises LLC,0010y00001nQLWpAAO,,NEVER
NextPax,2023-08-29,PMSC,HolidayHomeAG,VR_PM Holiday Home AG,0018b00002fkceiAAA,,2025-03-26
Rentals United,2024-08-29,PMSC,HolidayHomeAG,VR_PM Holiday Home AG,0018b00002fkceiAAA,,NEVER
NextPax,2023-08-29,PMSC,homerunvacationhomeUSD,VR_PM Home Run Vacation Homes,0010y00001hzmxNAAQ,,2019-11-01
Rentals United,2024-08-29,PMSC,homerunvacationhomeUSD,VR_PM Home Run Vacation Homes,0010y00001hzmxNAAQ,,NEVER
Rentals United,2024-08-29,PMSC,HomeSliceStays,VR_PM HomeSlice Stays,0010y00001kHouMAAS,,2020-05-18
BookingPal,N/A,PMSC,HomeSliceStays,VR_PM HomeSlice Stays,0010y00001kHouMAAS,,
NextPax,2023-08-29,PMSC,internationalhomeresortllc,VR_PM International Home Resort LLC,0010y00001io6LqAAI,,2020-12-05
Rentals United,2024-08-29,PMSC,internationalhomeresortllc,VR_PM International Home Resort LLC,0010y00001io6LqAAI,,NEVER
NextPax,2023-08-29,PMSC,iTravelPropertyManagementLLC,VR_PM iTravel Property Management LLC,0010y00001thMPnAAM,,2021-11-10
Rentals United,2024-08-29,PMSC,iTravelPropertyManagementLLC,VR_PM iTravel Property Management LLC,0010y00001thMPnAAM,,NEVER
NextPax,2023-08-29,PMSC,iTripFortMyersBeach,VR_PM iTrip Fort Myers Beach,0010y00001dWOSBAA4,,2025-02-05
Rentals United,2024-08-29,PMSC,iTripFortMyersBeach,VR_PM iTrip Fort Myers Beach,0010y00001dWOSBAA4,,NEVER
NextPax,2023-08-29,PMSC,iTripVacationsAspenSnowmass,VR_PM iTrip Aspen Snowmass,0010y00001oAjODAA0,,2025-03-03
Rentals United,2024-08-29,PMSC,iTripVacationsAspenSnowmass,VR_PM iTrip Aspen Snowmass,0010y00001oAjODAA0,,NEVER
NextPax,2023-08-29,PMSC,kissimmeeanddavenportvrinc,VR_PM Kissimmee and Davenport VR Inc,0010y00001mVXjFAAW,,NEVER
Rentals United,2024-08-29,PMSC,kissimmeeanddavenportvrinc,VR_PM Kissimmee and Davenport VR Inc,0010y00001mVXjFAAW,,NEVER
NextPax,2023-08-29,PMSC,LakeshoreRentals,VR_PM Lakeshore Rentals,0010y00001c3WBOAA2,,2023-04-21
Rentals United,2024-08-29,PMSC,LakeshoreRentals,NOT FOUND,NOT FOUND,,NEVER
Nextpax,2023-08-29,PMSC,LiquidLifeVacationRentals,VR_PM Liquid Life Vacation Rentals,0010y00001dwLIdAAM,,2024-06-28
BookingPal,N/A,PMSC,LiquidLifeVacationRentals,VR_PM Liquid Life Vacation Rentals,0010y00001dwLIdAAM,,
NextPax,2023-08-29,PMSC,lostbeachvacations,VR_PM Lost Beach Vacations,0010y00001fciBpAAI,,2019-07-29
Rentals United,2024-08-29,PMSC,lostbeachvacations,VR_PM Lost Beach Vacations,0010y00001fciBpAAI,,NEVER
NextPax,2023-08-29,PMSC,LTDCapital,VR_PM LTD Capital,0010y00001eZg5aAAC,PM switched to Guesty,2022-03-31
Rentals United,2024-08-29,PMSC,LTDCapital,VR_PM LTD Capital,0010y00001eZg5aAAC,PM switched to Guesty,NEVER
NextPax,2023-08-29,PMSC,ltdmysdrentals,VR_PM LTD-My SD Rentals,0010y00001ioEX7AAM,,NEVER
Rentals United,2024-08-29,PMSC,ltdmysdrentals,VR_PM LTD-My SD Rentals,0010y00001ioEX7AAM,,NEVER
NextPax,2023-08-29,PMSC,MagicalOrlandoResorts,VR_PM Magical Orlando Resorts,0010y00001dJL33AAG,,2019-03-11
Rentals United,2024-08-29,PMSC,MagicalOrlandoResorts,NOT FOUND,NOT FOUND,,NEVER
NextPax,2023-08-29,PMSC,MOFreedomVacationRentalsLLC,VR_PM (MO) Freedom Vacation Rentals LLC,0010y00001fdbETAAY,,2023-01-27
Rentals United,2024-08-29,PMSC,MOFreedomVacationRentalsLLC,VR_PM (MO) Freedom Vacation Rentals LLC,0010y00001fdbETAAY,,NEVER
NextPax,2023-08-29,PMSC,MountainEscapes,VR_PM Mountain Escapes Properties,0010y00001cJuLBAA0,,2022-04-06
Rentals United,2024-08-29,PMSC,MountainEscapes,VR_PM Mountain Escapes Properties,0010y00001cJuLBAA0,,NEVER
NextPax,2023-08-29,PMSC,MountainLaurelCabinRentals,VR_PM Mountain Laurel Cabin Rentals,0010y00001dVEN7AAO,,2019-03-21
Rentals United,2024-08-29,PMSC,MountainLaurelCabinRentals,VR_PM Mountain Laurel Cabin Rentals,0010y00001dVEN7AAO,,NEVER
NextPax,2023-08-29,PMSC,MountaintopRealty,VR_PM Mountaintop Realty,0010y00001dwSvaAAE,,2022-06-30
Rentals United,2024-08-29,PMSC,MountaintopRealty,VR_PM Mountaintop Realty,0010y00001dwSvaAAE,,NEVER
NextPax,2023-08-29,PMSC,mymountaincabinrentals,VR_PM My Mountain Cabin Rentals,0010y00001h2Pf5AAE,,2019-09-26
Rentals United,2024-08-29,PMSC,mymountaincabinrentals,VR_PM My Mountain Cabin Rentals,0010y00001h2Pf5AAE,,NEVER
Rentals United,2024-08-29,PMSC,MyPropertyHost,VR_PM My Property Host,0010y00001dvLbDAAU,,NEVER
Rentals United,2024-08-29,PMSC,MyPropertyHost,VR_PM My Property Host,0010y00001jfbNaAAI,,NEVER
NextPax,2023-08-29,PMSC,myrtlebeachvacationstations,VR_PM Myrtle Beach Vacation Stations,0010y00001i0wLiAAI,,NEVER
Rentals United,2024-08-29,PMSC,myrtlebeachvacationstations,VR_PM Myrtle Beach Vacation Stations,0010y00001i0wLiAAI,,NEVER
NextPax,2023-08-29,PMSC,MyrtleBeachVacationStationsUSD,VR_PM Myrtle Beach Vacation Stations,0010y00001i0wLiAAI,,2020-06-22
Rentals United,2024-08-29,PMSC,MyrtleBeachVacationStationsUSD,VR_PM Myrtle Beach Vacation Stations,0010y00001i0wLiAAI,,NEVER
NextPax,2023-08-29,PMSC,NaturalElementsVacationRentals,VR_PM Natural Elements Rentals,0010y00001c0yY9AAI,,NEVER
Rentals United,2024-08-29,PMSC,NaturalElementsVacationRentals,VR_PM Natural Elements Rentals,0010y00001c0yY9AAI,,NEVER
NextPax,2023-08-29,PMSC,OptimaxVacationRentals,VR_PM Optimax Vacation Rentals,0010y00001dX2FUAA0,,2021-11-12
Rentals United,2024-08-29,PMSC,OptimaxVacationRentals,VR_PM Optimax Vacation Rentals,0010y00001dX2FUAA0,,NEVER
NextPax,2023-08-29,PMSC,orlandoshorttermllc,VR_PM Orlando Short Term LLC,0010y00001imHobAAE,,2025-03-16
Rentals United,2024-08-29,PMSC,orlandoshorttermllc,VR_PM Orlando Short Term LLC,0010y00001imHobAAE,,NEVER
NextPax,2023-08-29,PMSC,PalmBeachVacationHomesInc,VR_PM Palm Beach Vacation Homes Inc,0010y00001n9MJkAAM,,2024-09-27
Rentals United,2024-08-29,PMSC,PalmBeachVacationHomesInc,VR_PM Palm Beach Vacation Homes Inc,0010y00001n9MJkAAM,,NEVER
NextPax,2023-08-29,PMSC,ParadiseCanyonGolfResortCompanyInc,VR_PM Paradise Canyon Golf Resort Company Inc,0010y00001lTrWMAA0,,2020-06-22
Rentals United,2024-08-29,PMSC,ParadiseCanyonGolfResortCompanyInc,VR_PM Paradise Canyon Golf Resort Company Inc,0010y00001lTrWMAA0,,NEVER
NextPax,2023-08-29,PMSC,ParadiseResortVacations,NOT FOUND,NOT FOUND,,2023-07-21
Rentals United,2024-08-29,PMSC,ParadiseResortVacations,NOT FOUND,NOT FOUND,,NEVER
NextPax,2023-08-29,PMSC,PremierResortPropertiesLLC,VR_PM Premier Resort Properties LLC (iTrip Orlando),0010y00001oArZwAAK,,2025-02-22
Rentals United,2024-08-29,PMSC,PremierResortPropertiesLLC,VR_PM Premier Resort Properties LLC (iTrip Orlando),0010y00001oArZwAAK,,NEVER
NextPax,2023-08-29,PMSC,pricemorganvacationrentalsllc,VR_PM Price Morgan Vacation Rentals LLC,0010y00001lT8e0AAC,,2025-03-18
Rentals United,2024-08-29,PMSC,pricemorganvacationrentalsllc,VR_PM Price Morgan Vacation Rentals LLC,0010y00001lT8e0AAC,,NEVER
Nextpax,2023-08-29,PMSC,PristinePropertiesVacationRentals,VR_PM Awayday - Pristine Properties VR,0018b00002JsS5BAAV,,2023-09-26
BookingPal,N/A,PMSC,PristinePropertiesVacationRentals,VR_PM Awayday - Pristine Properties VR,0018b00002JsS5BAAV,,
NextPax,2023-08-29,PMSC,RedRoseInvestmentsLLC,VR_PM Red Rose Investments LLC,0010y00001lSkTRAA0,,2025-02-16
Rentals United,2024-08-29,PMSC,RedRoseInvestmentsLLC,VR_PM Red Rose Investments LLC,0010y00001lSkTRAA0,,2020-10-12
NextPax,2023-08-29,PMSC,redsandsvacationproperties,VR_PM Red Sands Vacation Properties,0010y00001fcnFeAAI,,2020-02-26
Rentals United,2024-08-29,PMSC,redsandsvacationproperties,VR_PM Red Sands Vacation Properties,0010y00001fcnFeAAI,,NEVER
NextPax,2023-08-29,PMSC,Rentvail,"RentVail,LLC",0018b000022dvzJAAQ,,2023-06-07
Rentals United,2024-08-29,PMSC,Rentvail,"RentVail,LLC",0018b000022dvzJAAQ,,NEVER
NextPax,2023-08-29,PMSC,sandbanksvacationstours,VR_PM Sandbanks Vacations & Tours,0010y00001kJzWEAA0,,2020-02-18
Rentals United,2024-08-29,PMSC,sandbanksvacationstours,VR_PM Sandbanks Vacations & Tours,0010y00001kJzWEAA0,,NEVER
NextPax,2023-08-29,PMSC,SarasotaBeachVacationsLLCUS,VR_PM Sarasota Beach Vacations LLC (iTrip Sarasota),0010y00001i15KRAAY,,2025-03-11
Rentals United,2024-08-29,PMSC,SarasotaBeachVacationsLLCUS,VR_PM Sarasota Beach Vacations LLC (iTrip Sarasota),0010y00001i15KRAAY,,NEVER
NextPax,2023-08-29,PMSC,SauerlandBookingsGbR,VR_PM SauerlandBookings GbR,0010y00001lTN3EAAW,,NEVER
Rentals United,2024-08-29,PMSC,SauerlandBookingsGbR,VR_PM SauerlandBookings GbR,0010y00001lTN3EAAW,,NEVER
NextPax,2023-08-29,PMSC,shorttermrentalmanager,VR_PM Short Term Rental Manager,0010y00001gGW5uAAG,,2022-07-11
Rentals United,2024-08-29,PMSC,shorttermrentalmanager,VR_PM Short Term Rental Manager,0010y00001gGW5uAAG,,NEVER
NextPax,2023-08-29,PMSC,snakeriversportingclub,VR_PM Snake River Sporting Club,0010y00001jDZFDAA4,,2022-08-26
Rentals United,2024-08-29,PMSC,snakeriversportingclub,VR_PM Snake River Sporting Club,0010y00001jDZFDAA4,,NEVER
NextPax,2023-08-29,PMSC,StarheelProperties,VR_PM Starheel Properties,0010y00001d7ZXIAA2,,2022-11-12
Rentals United,2024-08-29,PMSC,StarheelProperties,VR_PM Starheel Properties,0010y00001d7ZXIAA2,,NEVER
NextPax,2023-08-29,PMSC,stoweresorthomes,VR_PM Stowe Resort Homes,0010y00001gGh64AAC,,2021-02-23
Rentals United,2024-08-29,PMSC,stoweresorthomes,VR_PM Stowe Resort Homes,0010y00001gGh64AAC,,NEVER
NextPax,2023-08-29,PMSC,summioparcsbv,VR_PM Summio Parcs,0018b00002ft4DsAAI,,2025-03-17
Rentals United,2024-08-29,PMSC,summioparcsbv,VR_PM  Summio Parcs,0018b00002ft4DsAAI,,NEVER
NextPax,2023-08-29,PMSC,SummitCove,VR_PM SummitCove,0010y00001YAslxAAD,,2025-01-02
Rentals United,2024-08-29,PMSC,SummitCove,VR_PM SummitCove,0010y00001YAslxAAD,,2019-03-14
NextPax,2023-08-29,PMSC,sunlitvacationrentalsllc,VR_PM Sunlit Vacation Rentals LLC,0010y00001cHhAlAAK,,2025-02-04
Rentals United,2024-08-29,PMSC,sunlitvacationrentalsllc,VR_PM Sunlit Vacation Rentals LLC,0010y00001cHhAlAAK,,NEVER
NextPax,2023-08-29,PMSC,sunnydreamsfactoryllc,VR_PM Sunny Dreams Factory,0010y00001eY7qoAAC,,2021-05-12
Rentals United,2024-08-29,PMSC,sunnydreamsfactoryllc,VR_PM Sunny Dreams Factory,0010y00001eY7qoAAC,,NEVER
NextPax,2023-08-29,PMSC,TeamWProperties,VR_PM TEAM W PROPERTIES CORP,0010y00001a3ovKAAQ,,2019-01-30
Rentals United,2024-08-29,PMSC,TeamWProperties,VR_PM TEAM W PROPERTIES CORP,0010y00001a3ovKAAQ,,NEVER
NextPax,2023-08-29,PMSC,tenneyrealtyservices,VR_PM Tenney Realty Services,0010y00001feu3GAAQ,,NEVER
Rentals United,2024-08-29,PMSC,tenneyrealtyservices,VR_PM Tenney Realty Services,0010y00001feu3GAAQ,,NEVER
NextPax,2023-08-29,PMSC,TertataJelasManagement,VR_PM Tertata Jelas Management,0018b00002YHtE5AAL,,2024-07-31
Rentals United,2024-08-29,PMSC,TertataJelasManagement,VR_PM Tertata Jelas Management,0018b00002YHtE5AAL,,NEVER
NextPax,2023-08-29,PMSC,thecampbend,VR_PM The Camp Bend,0010y00001fOJ3fAAG,,2019-09-26
Rentals United,2024-08-29,PMSC,thecampbend,VR_PM The Camp Bend,0010y00001fOJ3fAAG,,NEVER
NextPax,2023-08-29,PMSC,tmcvacationrentals,VR_PM TMC Vacation Rentals,0010y00001fcl68AAA,,2023-12-06
Rentals United,2024-08-29,PMSC,tmcvacationrentals,VR_PM TMC Vacation Rentals,0010y00001fcl68AAA,,NEVER
NextPax,2023-08-29,PMSC,Toislandstravel,VR_PM To Islands Travel d.o.o. - DO NOT USE ANYMORE ACQUIRED BY VR_PM ADRIAGATE- 30.9.24,0018b00001wAH8LAAW,,2024-07-21
Rentals United,2024-08-29,PMSC,Toislandstravel,VR_PM To Islands Travel d.o.o. - DO NOT USE ANYMORE ACQUIRED BY VR_PM ADRIAGATE- 30.9.24,0018b00001wAH8LAAW,,NEVER
NextPax,2023-08-29,PMSC,TropicalVillasOrlando,VR_PM Tropical Villas Orlando,0010y00001dwbv6AAA,,NEVER
Rentals United,2024-08-29,PMSC,TropicalVillasOrlando,VR_PM Tropical Villas Orlando,0010y00001dwbv6AAA,,NEVER
NextPax,2023-08-29,PMSC,tshonlinebuchungsgmbh,VR_PM Travanto,0010y00001kIJpKAAW,,2023-03-31
Rentals United,2024-08-29,PMSC,tshonlinebuchungsgmbh,VR_PM Travanto,0010y00001kIJpKAAW,,NEVER
NextPax,2023-08-29,PMSC,TwoCasitas,"VR_PM Two Casitas, Santa Fe Vacation Rentals LLC",0010y00001bfaG0AAI,,2022-05-23
Rentals United,2024-08-29,PMSC,TwoCasitas,NOT FOUND,NOT FOUND,,NEVER
NextPax,2023-08-29,PMSC,VacationCapitalGroupManagementLLCUSD,VR_PM Vacation Capital Group Management LLC,0010y00001iqBzfAAE,,2024-08-23
Rentals United,2024-08-29,PMSC,VacationCapitalGroupManagementLLCUSD,VR_PM Vacation Capital Group Management LLC,0010y00001iqBzfAAE,,NEVER
NextPax,2023-08-29,PMSC,vailvillagerentals,VR_PM Vail Village Rentals,0010y00001imvfCAAQ,,2021-10-30
Rentals United,2024-08-29,PMSC,vailvillagerentals,VR_PM Vail Village Rentals,0010y00001imvfCAAQ,,NEVER
NextPax,2023-08-29,PMSC,VallartaDreamRentals,NOT FOUND,NOT FOUND,,NEVER
Rentals United,2024-08-29,PMSC,VallartaDreamRentals,NOT FOUND,NOT FOUND,,NEVER
NextPax,2023-08-29,PMSC,VestevaRentals,VR_PM Vesteva Rentals (disabled),0010y00001eXKslAAG,,2021-03-15
Rentals United,2024-08-29,PMSC,VestevaRentals,VR_PM Vesteva Rentals (disabled),0010y00001eXKslAAG,,NEVER
NextPax,2023-08-29,PMSC,vistacayresortdirect,VR_PM Vista Cay Resort Direct,0010y00001dvWTkAAM,,2024-06-26
Rentals United,2024-08-29,PMSC,vistacayresortdirect,VR_PM Vista Cay Resort Direct,0010y00001dvWTkAAM,,NEVER
NextPax,2023-08-29,PMSC,wvrcottages,NOT FOUND,NOT FOUND,,2018-10-18
Rentals United,2024-08-29,PMSC,wvrcottages,NOT FOUND,NOT FOUND,,NEVER
NextPax,2023-08-29,PMSC,wvrhoseasons,NOT FOUND,NOT FOUND,,NEVER
Rentals United,2024-08-29,PMSC,wvrhoseasons,NOT FOUND,NOT FOUND,,NEVER
Rentals United,2024-08-29,PMSC,(87,NOT FOUND,NOT FOUND,,NEVER
Rentals United,2024-08-29,PMSC,3VILLAS,3VILLAS,0010y00001dwd42AAA,,2020-02-18
Rentals United,2024-08-29,PMSC,5StarVillaHolidays,VR_PM 5 Star Villa Holidays,0010y00001gDANbAAO,,2023-06-12
Rentals United,2024-08-29,PMSC,Abbp,ABBP,0010y00001aqXmdAAE,,NEVER
Rentals United,2024-08-29,PMSC,abodela,NOT FOUND,NOT FOUND,,2023-07-19
BookingPal,N/A,PMSC,ABSeaSalesRentalsIncUSD,,,,
BookingPal,N/A,PMSC,AcmeHouseCompanyVacationRentals,,,,
BookingPal,N/A,PMSC,ActualimoEUR,,,,
Rentals United,2024-08-29,PMSC,AD8UKLimited,"VR_PM A,D8 UK Limited",0010y00001hG5wMAAS,,2023-12-11
BeeRent,N/A,PMSC,AdriaBonus,,,,
EQCAdriagate (TravelSoft),N/A,PMSC,Adriagate,,,,
BookingPal,N/A,PMSC,AdvancedLodgingConceptsUSD,,,,
Rentals United,2024-08-29,PMSC,AirAgentsSouthAfrica,VR_PM AirAgents South Africa,0010y00001jDWAbAAO,,2025-01-17
Rentals United,2024-08-29,PMSC,AirbetterHolidayHomesLLC,VR_PM AIRBETTER HOLIDAY HOMES L.L.C,0010y00001lLpeYAAS,,2025-03-27
Rentals United,2024-08-29,PMSC,Airbristol,VRPM Airbristol,0010y00001ZNXNyAAP,,2018-05-23
Rentals United,2024-08-29,PMSC,AirHop,VRPM AirHop,0010y00001a0n8IAAQ,,2019-03-15
Rentals United,2024-08-29,PMSC,AirManaged,VR_PM AirManaged,0010y00001ZNbGlAAL,,2018-02-22
Rentals United,2024-08-29,PMSC,AirManageSuffolk,VR_PM Air Manage Suffolk,0010y00001iS9hwAAC,,2024-01-31
Rentals United,2024-08-29,PMSC,AirPeaceofMind,VR_PM Air Peace of Mind,0010y00001lMsghAAC,,2025-03-24
Avantio,N/A,PMSC,AlgarveLifestyle,,,,
Avantio,N/A,PMSC,AlgarveVacation,,,,
Avantio,N/A,PMSC,AlicanteRealEstate,,,,
BookingPal,N/A,PMSC,AliiBeachRentalsUSD,,,,
Rentals United,2024-08-29,PMSC,AllInVacation,VR_PM All In Vacation LLC,0010y00001kyj6mAAA,,2020-07-21
Rentals United,2024-08-29,PMSC,AlloggioManagement,VR_PM Port Stephens Accommodation  (INACTIVE),0010y00001XvANXAA3,,2020-11-10
Rentals United,2024-08-29,PMSC,AlohaVacationVillas,VR_PM Aloha Vacation Villas,0010y00001oX9VMAA0,,2020-11-10
BookingPal,N/A,PMSC,AlpimoEUR,,,,
Avantio,N/A,PMSC,ALWAYSEASY,,,,
BookingPal,N/A,PMSC,AmazingAccomAUD,,,,
BookingPal,N/A,PMSC,AmazingAccomNZD,,,,
BookingPal,N/A,PMSC,AmazingAccomUSD,,,,
BookingPal,N/A,PMSC,AmazingVHFUSD,,,,
Rentals United,2024-08-29,PMSC,AngelHostInc,VR_PM Angel Host Inc- Canada,0010y00001cKXajAAG,,2021-10-26
Avantio,N/A,PMSC,AngelServices,,,,
Rentals United,2024-08-29,PMSC,AnnaMariaIslandBeachRentalsInc,VR_PM Anna Maria Island Beach Rentals Inc,0010y00001a3ovcAAA,,2025-01-06
Rentals United,2024-08-29,PMSC,AnnapolisCapitalPartners,VR_PM Annapolis Capital Partners,0010y00001kKSrtAAG,,2020-03-12
Avantio,N/A,PMSC,APARPLAYAINVERSIONESINMOBILIARIAS,,,,
Avantio,N/A,PMSC,ApartamentosGandiaEspana,,,,
Avantio,N/A,PMSC,Apartrent,,,,
Rentals United,2024-08-29,PMSC,ArubaHolidayRentals,NOT FOUND,NOT FOUND,Not contracted,NEVER
BookingPal,N/A,PMSC,ArvernhaResortsEUR,,,,
Rentals United,2024-08-29,PMSC,aslagency,VR_PM ASL Agency d.o.o.,0010y00001cKNU7AAO,,2019-04-23
BookingPal,N/A,PMSC,AspenSnowmassRentalsbyOwnerUSD,,,,
Rentals United,2024-08-29,PMSC,AtlantaLuxuryRentals,VR_PM Atlanta Luxury Rentals,0010y00001dvY3ZAAU,,2019-09-26
Avantio,N/A,PMSC,ATTITUDESERVICES,,,,
BookingPal,N/A,PMSC,AuntBugsUSD,,,,
Rentals United,2024-08-29,PMSC,AvantStay,VR_PM AvantStay,0010y00001fVoEOAA0,,2025-03-28
Rentals United,2024-08-29,PMSC,AzureOnline,VR_PM Azure Online,0010y00001X87B9AAJ,,2023-09-19
Avantio,N/A,PMSC,BasqueStaysSpain,,,,
BookingPal,N/A,PMSC,BeachhouseVacationRentalsUSD,,,,
BookingPal,N/A,PMSC,BeachsideManagementUSD,,,,
Avantio,N/A,PMSC,Beachvillas,,,,
BookingPal,N/A,PMSC,BerkeleySpringsCottageRentals,,,,
BookingPal,N/A,PMSC,BestStayzUSD,,,,
Rentals United,2024-08-29,PMSC,BetterVacations,Better Vacations,NOT FOUND,,2020-04-17
Rentals United,2024-08-29,PMSC,BetterVacationsEUR,NOT FOUND,NOT FOUND,,2019-06-25
Rentals United,2024-08-29,PMSC,BHomyServicosAdministrativosLtda,VR_PM B-Homy Serviços Administrativos Ltda,0010y00001bKc34AAC,,2019-09-27
BookingPal,N/A,PMSC,BigBearGetawaybyMeredithLodgingLLC,,,,
BookingPal,N/A,PMSC,BlackCanyonInnUSD,,,,
BookingPal,N/A,PMSC,BlueSkyLuxury,,,,
Avantio,N/A,PMSC,BMACyprusHolidayGroup,,,,
Rentals United,2024-08-29,PMSC,BnbManager,VR_PM BnbManager,0010y00001jfrbdAAA,,2022-09-12
SuperControl,N/A,PMSC,BOLTHOLESHIDEAWAYS3944,,,,
Rentals United,2024-08-29,PMSC,BookingsForYou,Bookings For You,NOT FOUND,,2019-04-12
Rentals United,2024-08-29,PMSC,BOOKSXM,NOT FOUND,NOT FOUND,,2020-02-19
Rentals United,2024-08-29,PMSC,BoundlessHousing,VR_PM Boundless Housing,0010y00001Xtsu2AAB,,2025-01-20
Rentals United,2024-08-29,PMSC,BreckMountainManagers,NOT FOUND,NOT FOUND,,2018-05-04
Rentals United,2024-08-29,PMSC,BrightHolidayAccomodationAUD,Bright Holiday Accomodation,NOT FOUND,,2019-03-11
Rentals United,2024-08-29,PMSC,BRIGHTONGETAWAYSLTD,VR_PM BRIGHTON GETAWAYS LTD,0010y00001a3p3LAAQ,,2024-10-29
Rentals United,2024-08-29,PMSC,BuenaVistaHolidays,VR_PM Buena Vista Holidays,0010y00001aXoLXAA0,,2024-08-17
Rentals United,2024-08-29,PMSC,BuenaVistaHolidaysUSD,NOT FOUND,NOT FOUND,,NEVER
Rentals United,2024-08-29,PMSC,calamarquesa,VR_PM Cala Marquesa,0010y00001cHvHUAA0,,2021-08-24
Rentals United,2024-08-29,PMSC,CAPETOWNHOLIDAYAPARTMENTS,VR_PM CAPE TOWN HOLIDAY APARTMENTS,0010y00001a3pCdAAI,,2025-03-04
Rentals United,2024-08-29,PMSC,CapitaliaLiving,VR_PM Capitalia Living,0010y00001lNZGMAA4,,2020-03-12
Rentals United,2024-08-29,PMSC,CarbisBayHolidays,VR_PM Carbis Bay Holidays,0010y00001fLJP5AAO,,2019-07-23
BookingPal,N/A,PMSC,CarbonateRealEstateUSD,,,,
BookingPal,N/A,PMSC,CarolinaOneEdistoUSD,,,,
BookingPal,N/A,PMSC,CarolinaOneFollyUSD,,,,
BookingPal,N/A,PMSC,CarolinaOneIOPUSD,,,,
Avantio,N/A,PMSC,CarolinKugler,,,,
BookingPal,N/A,PMSC,CasaFloridianUSD,,,,
Avantio,N/A,PMSC,CasasolNerja,,,,
Rentals United,2024-08-29,PMSC,CasiolaLLC,VR_PM Casiola LLC,0010y00001kIw7UAAS,,2025-03-24
Rentals United,2024-08-29,PMSC,CCProperties,VR_PM CC Properties,0010y00001kxtZiAAI,,2020-02-17
BookingPal,N/A,PMSC,CentennialCondosUSD,,,,
Avantio,N/A,PMSC,Centragence,,,,
Rentals United,2024-08-29,PMSC,CENTURY21ConollyHayGroup,VR_PM CENTURY 21 Conolly Hay Group,0010y00001fc8nSAAQ,,2019-07-23
Avantio,N/A,PMSC,ChamonixHolidays,,,,
Rentals United,2024-08-29,PMSC,ChapawuProperties,VR_PM Chapawu Properties LLC,0010y00001bfUQjAAM,,2025-03-24
Avantio,N/A,PMSC,CheckinPortugal,,,,
SuperControl,N/A,PMSC,CHOICE671,,,,
BookingPal,N/A,PMSC,CimalpesCourchevel1550EUR,,,,
BookingPal,N/A,PMSC,CimAlpesCourchevel1650EUR,,,,
BookingPal,N/A,PMSC,CimalpesCourchevel1850EUR,,,,
BookingPal,N/A,PMSC,CimalpesMegeveEUR,,,,
BookingPal,N/A,PMSC,CimalpesMeribelEUR,,,,
BookingPal,N/A,PMSC,CimalpesMeribelvillageEUR,,,,
BookingPal,N/A,PMSC,CimalpesSaintMartindeBellevilleEUR,,,,
BookingPal,N/A,PMSC,CimalpesValdisereEUR,,,,
Rentals United,2024-08-29,PMSC,CinnamonShores,VR_PM Cinnamon Shores,0010y00001dY7x5AAC,,2025-03-19
SuperControl,N/A,PMSC,CITYPADHOLIDAYLETS625,,,,
Rentals United,2024-08-29,PMSC,ClearskyProperties,Clearsky Properties Ltd,NOT FOUND,,2020-06-10
Avantio,N/A,PMSC,ClubVillamar,,,,
BookingPal,N/A,PMSC,CoastalRealtyPMUSD,,,,
Rentals United,2024-08-29,PMSC,CocoonR,VR_PM CocoonR,0010y00001XvFDuAAN,,2020-09-18
Avantio,N/A,PMSC,CompagnieImmobiliariAssociatesrl,,,,
Rentals United,2024-08-29,PMSC,COMPASSPROPERTYSERVICES,VR_PM COMPASS PROPERTY SERVICES,0010y00001c3MTNAA2,,2020-03-13
BookingPal,N/A,PMSC,ConciergeRealtyUSD,,,,
Rentals United,2024-08-29,PMSC,condadolagoonhospitality,VR_PM Condado Lagoon Hospitality LLC,0010y00001a22U7AAI,,2018-10-02
Rentals United,2024-08-29,PMSC,condopolitan,VR_PM Condopolitan,0010y00001bdVY4AAM,,2019-02-11
SuperControl,N/A,PMSC,CONNEMARALETTINGS3050,,,,
SuperControl,N/A,PMSC,CORNWALLSCOTTAGESLTD64,,,,
Rentals United,2024-08-29,PMSC,CorpHousingLLC,VR_PM CorpHousing LLC,0010y00001ji3auAAA,,2022-04-13
Rentals United,2024-08-29,PMSC,CostaCarpeDiem,VR_PM Costa Carpe Diem,0010y00001jDWKhAAO,,2019-12-09
BookingSync,2023-11-03,PMSC,Coucouco,VR_PM Coucou & co,0010y00001jhs8xAAA,,2023-02-09
Rentals United,2024-08-29,PMSC,CountryValuesHolidayHomes,VR_PM The trustee for The Hyne Family Trust (Country Values Holiday Homes),0010y00001fcaWHAAY,,2019-10-29
Rentals United,2024-08-29,PMSC,CozyGroupSouthLLC,VR_PM Cozy Group South LLC,0010y00001a1JYpAAM,,2022-07-11
Rentals United,2024-08-29,PMSC,CozyLivingSuitesInc,VR_PM Cozy Living Suites Inc,0010y00001cHhbJAAS,,2019-06-07
Rentals United,2024-08-29,PMSC,CozyPropertyManagementPtyLtd,VR_PM Cozy Property Management Pty Ltd (INACTIVE),0010y00001dk1ffAAA,,2019-09-11
Rentals United,2024-08-29,PMSC,CozySuites,VR_PM Cozy Suites,0010y00001lwvm7AAA,,2022-11-18
BookingPal,N/A,PMSC,craftstayUSD,,,,
Rentals United,2024-08-29,PMSC,CRIDOMbyDGA,VR_PM CRIDOM by DGA,0010y00001kKg6jAAC,,2021-03-31
Rentals United,2024-08-29,PMSC,CroWonder,NOT FOUND,NOT FOUND,,2019-02-12
Rentals United,2024-08-29,PMSC,CroydeHolidays,VR_PM Croyde Holidays LTD,0010y00001cx9GqAAI,,2025-03-15
Rentals United,2024-08-29,PMSC,CubaHomes,VR_PM Cuba Homes,0010y00001fdBO3AAM,,2019-10-28
Avantio,N/A,PMSC,DalmaPortuguesa,,,,
BookerTools,N/A,PMSC,DalmatianTowns,,,,
BookingPal,N/A,PMSC,DauphinIslandBeachRentalsLLCUSD,,,,
Rentals United,2024-08-29,PMSC,DenStays,VR_PM DenStays,0010y00001eZqqOAAS,,2019-08-07
Rentals United,2024-08-29,PMSC,designedvr,VR_PM DesignedVR,0010y00001bIyqRAAS,,2025-03-12
Rentals United,2024-08-29,PMSC,DestadaProperties,NOT FOUND,NOT FOUND,,2021-02-25
Rentals United,2024-08-29,PMSC,DestinationStaysDS,VR_PM Destination Stays DS,0010y00001QMWVEAA5,,NEVER
BookerTools,N/A,PMSC,DigitalnipartnerdooEURO,,,,
BookerTools,N/A,PMSC,DigitalniturizemAlpeAdriaBooker,,,,
BookerTools,N/A,PMSC,DigitalniTurizemdoo,,,,
BookerTools,N/A,PMSC,DirectBooker,,,,
Rentals United,2024-08-29,PMSC,DistinctiveNZ,VR_PM Distinctive NZ,0010y00001feI2pAAE,,2019-12-20
Rentals United,2024-08-29,PMSC,DivvyGroup,Divvy Group,0010y00001seeYUAAY,,NEVER
Avantio,N/A,PMSC,DotHolidaySA,,,,
Avantio,N/A,PMSC,Dotvillas,,,,
Rentals United,2024-08-29,PMSC,DREAMALGARVE,VR_PM DREAMALGARVE,0010y00001a3o5pAAA,,2023-12-14
Rentals United,2024-08-29,PMSC,DreamEspana,VR_PM Dream Espana,0010y00001jorFpAAI,,2020-02-05
Rentals United,2024-08-29,PMSC,Dreamproperties,VR_PM Dream properties,0010y00001hND0RAAW,,2020-04-30
Rentals United,2024-08-29,PMSC,DreamVillasLTD,VR_PM Dream Villas LTD,0010y00001dwfb8AAA,,2021-10-02
Rentals United,2024-08-29,PMSC,DriftrTravels,VR_PM Driftr Travels,0010y00001dxAPeAAM,,2020-01-02
Rentals United,2024-08-29,PMSC,DRListings,NOT FOUND,NOT FOUND,,2018-05-09
Rentals United,2024-08-29,PMSC,DropTheKeez,NOT FOUND,NOT FOUND,,2018-11-19
Rentals United,2024-08-29,PMSC,DubaisaAtlanticRealty,VR_PM Dubaisa Atlantic Realty,0010y00001dl79bAAA,,2022-11-07
BookingPal,N/A,PMSC,DuranceImmobilierEUR,,,,
Rentals United,2024-08-29,PMSC,EarthSeaandSkyVacations,VR_PM Earth Sea and Sky Vacations,0010y00001i0L7PAAU,,2021-06-01
BookingPal,N/A,PMSC,EasyBnbEUR,,,,
BookingPal,N/A,PMSC,EasyClesEUR,,,,
Rentals United,2024-08-29,PMSC,Easydomus,VR_PM Easydomus,0010y00001gxmeBAAQ,,2019-09-27
Avantio,N/A,PMSC,EasyGoVacationHomesRental,,,,
Avantio,N/A,PMSC,EasyVillasMallorca,,,,
Rentals United,2024-08-29,PMSC,EdinburghHolidayAccommodation,VR_PM Edinburgh Holiday Accommodation,0010y00001kIqcCAAS,,2023-01-13
BookingPal,N/A,PMSC,EffortlessRentalsUSD,,,,
Rentals United,2024-08-29,PMSC,EldersRealEstate,NOT FOUND,NOT FOUND,,2020-12-17
Rentals United,2024-08-29,PMSC,EliteVirtualBrokerage,NOT FOUND,NOT FOUND,,2018-11-26
BookingPal,N/A,PMSC,ElkSpringsResortCabinRentalsUSD,,,,
Rentals United,2024-08-29,PMSC,EmeraldStay,NOT FOUND,NOT FOUND,,2019-11-22
BookingPal,N/A,PMSC,EscapetoBlueRidge,,,,
BookingPal,N/A,PMSC,EstesParkCondos,,,,
Rentals United,2024-08-29,PMSC,ETVOUS,VR_PM ETVOUS,0010y00001inAMvAAM,,2020-02-26
BeeRent,N/A,PMSC,EuroTours,,,,
Rentals United,2024-08-29,PMSC,EvolveVacationRental,VR_PM Evolve Vacation Rental,0010y00001lSdgHAAS,,2025-03-29
Rentals United,2024-08-29,PMSC,ExmouthHolidays,VR_PM Exmouth Holidays (INACTIVE),0010y00001fcaZaAAI,,2019-09-04
Rentals United,2024-08-29,PMSC,FBMHolidays,NOT FOUND,NOT FOUND,,2021-02-15
Avantio,N/A,PMSC,FEELHOME,,,,
Avantio,N/A,PMSC,Fidalsa,,,,
BookingPal,N/A,PMSC,FidelityVacationHomesLLCUSD,,,,
Rentals United,2024-08-29,PMSC,FinquesPalandriu,VR_PM Finques Palandriu,0010y00001ipUKeAAM,,2020-02-19
Rentals United,2024-08-29,PMSC,FirstNationalRealEstateBribieIsland,VR_PM First National Real Estate Bribie Island,0010y00001gDZ8IAAW,,2021-06-17
Avantio,N/A,PMSC,FlatguestSpain,,,,
Rentals United,2024-08-29,PMSC,flatmanager,NOT FOUND,NOT FOUND,,2019-05-22
BookingPal,N/A,PMSC,FLORENTDEBARSONYEUR,,,,
Rentals United,2024-08-29,PMSC,floridascandivacationhomes,NOT FOUND,NOT FOUND,,2019-02-04
Rentals United,2024-08-29,PMSC,FloridaSunVR,VR_PM Florida Sun VR,0010y00001dVtzmAAC,,2019-08-14
Rentals United,2024-08-29,PMSC,FlyingJamonLtd,VR_PM Flying Jamon Ltd,0010y00001ZNaadAAD,,2020-01-20
Rentals United,2024-08-29,PMSC,FlypHomes,VR_PM Flyp Homes LTD,0018b00002j0P3cAAE,,2025-03-28
Avantio,N/A,PMSC,FMVPropertyManagement,,,,
Rentals United,2024-08-29,PMSC,FrankPorterVacationHomesRental,VR_PM Frank Porter Vacation Homes Rental,0010y00001jpE3fAAE,,2020-10-21
Rentals United,2024-08-29,PMSC,FromHometoRome,VR_PM From Home to Rome,0010y00001fVa9EAAS,,2019-09-16
Rentals United,2024-08-29,PMSC,FrontdeskLLC,VR_PM Frontdesk LLC (out of business),0010y00001a3oCfAAI,,2023-02-08
Rentals United,2024-08-29,PMSC,furnishedspaces,NOT FOUND,NOT FOUND,,NEVER
SuperControl,N/A,PMSC,GaelHolidayHomes,,,,
BookerTools,N/A,PMSC,Ganarjdoo,,,,
BookingPal,N/A,PMSC,gardenislandpropertiesUSD,,,,
Rentals United,2024-08-29,PMSC,GenteelHome,VR_PM Genteel Home,0010y00001h3frfAAA,,2025-03-24
Avantio,N/A,PMSC,GesblauIlles,,,,
Rentals United,2024-08-29,PMSC,GestionApartamentosHispalisSL,VR_PM Gestion Apartamentos Hispalis SL,0010y00001kINaGAAW,,2020-06-18
Rentals United,2024-08-29,PMSC,GlobeApartments,NOT FOUND,NOT FOUND,,2018-05-24
Rentals United,2024-08-29,PMSC,GoHouse,VR_PM Go House,0010y00001dkFCxAAM,,2019-11-05
vacayhomesentinel,N/A,PMSC,GrandWelcomeFranchisingLLC,,,,
Avantio,N/A,PMSC,GTHouse,,,,
BookingSync,2023-11-03,PMSC,GuestReady,VR_PM GuestReady,0010y00001bHDz0AAG,,2022-05-11
Rentals United,2024-08-29,PMSC,GuestWiser,NOT FOUND,NOT FOUND,,2019-01-23
Avantio,N/A,PMSC,HabitatHolidays,,,,
BookingPal,N/A,PMSC,HalldisEUR,,,,
BookingPal,N/A,PMSC,harborinnllc,,,,
Rentals United,2024-08-29,PMSC,HarmonyEscapes,VR_PM Harmony Escapes,0010y00001hMpVjAAK,,2020-02-14
Rentals United,2024-08-29,PMSC,HazRealtyLLC,VR_PM Haz Realty LLC,0010y00001i0ft1AAA,,2020-01-28
Rentals United,2024-08-29,PMSC,hedera,VR_PM Hedera,0010y00001bc5FSAAY,,2025-03-05
Rentals United,2024-08-29,PMSC,HelloApartmentsSitges,VR_PM Hello Apartments Sitges,0010y00001bd89eAAA,,2021-07-26
Rentals United,2024-08-29,PMSC,helphost,VR_PM HelpHost,0010y00001a404BAAQ,,2019-08-06
Rentals United,2024-08-29,PMSC,HeydayHostLtd,NOT FOUND,NOT FOUND,,2020-03-16
Rentals United,2024-08-29,PMSC,Highline,NOT FOUND,NOT FOUND,,2020-03-09
Rentals United,2024-08-29,PMSC,Hintown,NOT FOUND,NOT FOUND,,2020-02-17
Avantio,N/A,PMSC,HITrentalAG,,,,
Rentals United,2024-08-29,PMSC,hits,NOT FOUND,NOT FOUND,,NEVER
Avantio,N/A,PMSC,HolidayCasa,,,,
Rentals United,2024-08-29,PMSC,HolidayNoosa,VR_PM Holiday Noosa,0010y00001jCB9tAAG,,2020-01-21
Avantio,N/A,PMSC,HolidayPromotion,,,,
Rentals United,2024-08-29,PMSC,HolidayTravelChannel,VR_PM Holiday Travel Channel,0010y00001jpENHAA2,,2020-02-14
Rentals United,2024-08-29,PMSC,HomeByIDoGoodInc,VR_PM Home By I Do Good Inc,0010y00001jgEkaAAE,,2020-03-30
BookingPal,N/A,PMSC,HomeChicHomeEUR,,,,
Avantio,N/A,PMSC,HomeForGuest,,,,
Rentals United,2024-08-29,PMSC,HOMEFROMHOMEMANAGEMENTLIMITED,VR_PM HOME FROM HOME MANAGEMENT LIMITED,0010y00001kHiBVAA0,,2020-02-13
Rentals United,2024-08-29,PMSC,HomelikeVillas,VR_PM Homelike Villas,0010y00001iTxXpAAK,,2020-04-21
Rentals United,2024-08-29,PMSC,Homelly,VR_PM Homelly,0010y00001bJCgdAAG,,2019-04-08
Rentals United,2024-08-29,PMSC,HomePartnerSARentals,VR_PM Home Partner SA Rentals,0010y00001kyX0NAAU,,2025-01-31
Avantio,N/A,PMSC,Homesud,,,,
Avantio,N/A,PMSC,HOMING,,,,
Rentals United,2024-08-29,PMSC,HomingBirdRental,NOT FOUND,NOT FOUND,,2019-07-18
Rentals United,2024-08-29,PMSC,HostandCo,VR_PM Host and Co,0010y00001dvY3yAAE,,2020-03-23
Rentals United,2024-08-29,PMSC,HosteLLC,VR_PM Hoste LLC,0010y00001bbkLWAAY,,2022-02-25
Rentals United,2024-08-29,PMSC,Hostie,VR_PM Hostie,0010y00001bcPAiAAM,,2020-01-02
Rentals United,2024-08-29,PMSC,HostMaker,NOT FOUND,NOT FOUND,,2018-05-04
BookingSync,2023-11-03,PMSC,HOSTNFLY,VR_PM Hostnfly,0010y00001a3qdiAAA,,2020-10-12
Rentals United,2024-08-29,PMSC,Houst,VR_PM Houst,0010y00001Y9ikXAAR,,2021-03-03
BookingPal,N/A,PMSC,ImmogroomEUR,,,,
Rentals United,2024-08-29,PMSC,IntteliFunRentals,VR_PM Intteli Vacation Homes (Intteli Fun Rentals),0018b00001v8O3QAAU,,2024-04-26
Rentals United,2024-08-29,PMSC,InverlochAccommodation,VR_PM DBA Stockdale & Leggo Inverloch (Inverloch Accommodation) (inactive),0010y00001dkjouAAA,,2021-07-27
Rentals United,2024-08-29,PMSC,IPGFloridaVacationHomesUSD,VR_PM IPG Florida Vacation Homes,0010y00001kyF5WAAU,,2024-05-01
SuperControl,N/A,PMSC,ISLANDHOLIDAYHOMES2601,,,,
Rentals United,2024-08-29,PMSC,istrialuxuryrent,NOT FOUND,NOT FOUND,,2019-03-14
Rentals United,2024-08-29,PMSC,Italianway,VR_PM Italianway,0010y00001YAr7nAAD,,2025-03-26
Rentals United,2024-08-29,PMSC,itinerevillas,NOT FOUND,NOT FOUND,,2019-01-29
BookingPal,N/A,PMSC,iTripStAugustineUSD,,,,
BookingPal,N/A,PMSC,iTripsUSD,,,,
BookingPal,N/A,PMSC,iTripVacationsFloridaFirstCoastUSD,,,,
Rentals United,2024-08-29,PMSC,JefferyConciergerieLimited,NOT FOUND,NOT FOUND,,2019-12-10
Rentals United,2024-08-29,PMSC,jemtrade,NOT FOUND,NOT FOUND,,2019-06-14
Avantio,N/A,PMSC,JsProperties,,,,
Rentals United,2024-08-29,PMSC,Jurny,VR_PM Jurny,0010y00001lx7NJAAY,,2023-03-14
Rentals United,2024-08-29,PMSC,JurnyISL,VR_PM Jurny,0010y00001lx7NJAAY,,NEVER
Rentals United,2024-08-29,PMSC,JurnyMEX,VR_PM Jurny,0010y00001lx7NJAAY,,NEVER
Rentals United,2024-08-29,PMSC,Kabino,VR_PM Kabino,0010y00001dXR2dAAG,,2025-02-20
SuperControl,N/A,PMSC,KEYONEHOLIDAYHOMES4206,,,,
Rentals United,2024-08-29,PMSC,Keywii,VR_PM Keywii,0010y00001anqf4AAA,,2020-01-23
BookingPal,N/A,PMSC,KikiloueEUR,,,,
Rentals United,2024-08-29,PMSC,Kingscliff,VR_PM TWEED COAST HOLIDAYS PTY LTD,0010y00001YlzeaAAB,,2018-05-07
BookingSync,2023-11-03,PMSC,KJCONSULTING,VR_PM KJ CONSULTING,0010y00001aWfECAA0,,2023-03-15
Avantio,N/A,PMSC,Klodge,,,,
Rentals United,2024-08-29,PMSC,KMACapitalCorporationdbaKBMResorts,VR_PM KMA Capital Corporation dba KBM Resorts,0010y00001a3olRAAQ,,2025-03-22
BookingPal,N/A,PMSC,KnutsonAssociatesUSD,,,,
BookingPal,N/A,PMSC,KohalaCoastPropertiesUSD,,,,
Rentals United,2024-08-29,PMSC,KozyGuru,VR_PM Kozy Guru,0010y00001d7TQqAAM,,2020-02-28
Rentals United,2024-08-29,PMSC,kylinpropertymanagement,NOT FOUND,NOT FOUND,,2019-02-25
Rentals United,2024-08-29,PMSC,LakeLovers,NOT FOUND,NOT FOUND,,2018-05-10
Avantio,N/A,PMSC,LAMERHOMES,,,,
Rentals United,2024-08-29,PMSC,LannisterProperty,VR_PM Lannister Property,0010y00001eVxcqAAC,,2020-03-06
BookingSync,2023-11-03,PMSC,LazykeyMarketplaceLLC,VR_PM Lazykey Marketplace LLC,0018b000028XO0WAAW,,2023-08-28
BookingPal,N/A,PMSC,LedgesVacationRentalsUSD,,,,
BookingSync,2023-11-03,PMSC,LeisureRentals,VR_PM Leisure Rentals,0018b00002j0nd5AAA,,2025-03-21
Rentals United,2024-08-29,PMSC,LetsRoost,VR_PM Lets Roost,0010y00001kyXWLAA2,,2020-02-27
BookingPal,N/A,PMSC,LimehomeGmbHEUR,,,,
Rentals United,2024-08-29,PMSC,LiveKasa,VR_PM Live Kasa,0010y00001a3odsAAA,,2023-11-01
Rentals United,2024-08-29,PMSC,livethegulfcoast,VR_PM Live the Gulf Coast VR,0010y00001cKh7OAAS,,2019-03-08
BookingSync,2023-11-03,PMSC,LiveZenCity,VR_PM LiveZen City,0010y00001jhvUOAAY,,2021-09-30
Rentals United,2024-08-29,PMSC,LJHookerHarrington,VR_PM ELMER REAL ESTATE PTY. LIMITED (LJ Hooker Harrington),0010y00001dwcveAAA,,2020-02-19
Rentals United,2024-08-29,PMSC,LJHookerPeregianBeach,VR_PM Lyn Wildman Real Estate Pty Limited (L J Hooker Peregian Beach),NOT FOUND,No Core OTA,2019-08-08
Rentals United,2024-08-29,PMSC,LLOGUERCERDANYA,VR_PM LLOGUER CERDANYA,0010y00001fMTBSAA4,,2019-12-11
BookingPal,N/A,PMSC,Location3RealEstateofKeyWestIncUSD,,,,
Rentals United,2024-08-29,PMSC,Locatour,VR_PM Locatour,0010y00001iSPp8AAG,,2024-11-25
BookingPal,N/A,PMSC,LodgingInTellurideUSD,,,,
Avantio,N/A,PMSC,LODREZ,,,,
Rentals United,2024-08-29,PMSC,LondonBasePropertiesLTD,VR_PM London Base Properties LTD,0010y00001kHClqAAG,,NEVER
BookingPal,N/A,PMSC,LoveHawaiiVillasUSD,,,,
NextPax,2023-08-29,PMSC,LoveRentalsHawaii,VR_PM Love Rentals Hawaii,0010y00001dVjbbAAC,,2024-06-27
Rentals United,2024-08-29,PMSC,LoveSud,VR_PM LoveSud,0010y00001a2wN1AAI,,2020-02-06
Rentals United,2024-08-29,PMSC,LudernaApartamentos,VR_PM Luderna Apartamentos,0010y00001hlNLdAAM,,2021-04-26
BookingPal,N/A,PMSC,LuxeVacaUSD,,,,
BookingPal,N/A,PMSC,LuxuryBeachfrontPropertiesUSD,,,,
Rentals United,2024-08-29,PMSC,LuxuryRentalsMadrid,VR_PM Luxury Rentals Madrid,0010y00001jDWkGAAW,,2021-11-22
Rentals United,2024-08-29,PMSC,LUXURYVILLASANDHOMES,VR_PM LUXURY VILLAS AND HOMES,0010y00001a3pdqAAA,,2025-02-06
Magarental,N/A,PMSC,MagarentalAG,,,,
BookingSync,2023-11-03,PMSC,MajordomePriveEUR,VR_PM Majordome Prive,0010y00001ems7OAAQ,,NEVER
Rentals United,2024-08-29,PMSC,MallorcaFarmhouses,VR_PM Mallorca Farmhouses,0010y00001ga55ZAAQ,,2019-09-18
BookingPal,N/A,PMSC,MammothFiveStarLodgingUSD,,,,
BookerTools,N/A,PMSC,Manag5,,,,
Rentals United,2024-08-29,PMSC,MarbellaLane,VR_PM Marbella Lane,0010y00001c3MCfAAM,,2025-03-31
BookingPal,N/A,PMSC,MarcoIslandUSD,,,,
SuperControl,N/A,PMSC,MASSIMOVILLAS7778,,,,
Rentals United,2024-08-29,PMSC,MasterSuites,VR_PM Master Suites,0010y00001lTlmpAAC,,2020-05-04
BookingPal,N/A,PMSC,MauiParadisePropertiesUSD,,,,
Rentals United,2024-08-29,PMSC,McGrathEstateAgentsCoffsHarbour,VR_PM McGrath Estate Agents Coffs Harbour (inactive),0010y00001kJsPOAA0,,2023-03-09
BookingPal,N/A,PMSC,MCMPropertyManagementUSD,,,,
BookingPal,N/A,PMSC,MeredithLodgingLLCUSD,,,,
Rentals United,2024-08-29,PMSC,MHBPropertyManagementInc,VR_PM MHB Property Management Inc,0010y00001oBYoyAAG,,2020-10-19
Avantio,N/A,PMSC,MHM,,,,
Rentals United,2024-08-29,PMSC,MidtownStays,VR_PM Midtown Stays,0010y00001fWq8EAAS,,NEVER
Rentals United,2024-08-29,PMSC,MidwayVacations,VR_PM Midway Vacations,0018b00002glVSLAA2,,2024-11-11
Avantio,N/A,PMSC,MilitaryFirstBnBSolutions,,,,
vacayhomesentinel,N/A,PMSC,MinnestayLLC,,,,
Avantio,N/A,PMSC,MishasPlace,,,,
Rentals United,2024-08-29,PMSC,MNMCompanies,VR_PM MNM Companies,0010y00001aIIqPAAW,,2022-03-18
Rentals United,2024-08-29,PMSC,MonopolyManagement,NOT FOUND,NOT FOUND,,2019-02-28
Rentals United,2024-08-29,PMSC,MoraddaVacationHomes,VR_PM Moradda Vacation Homes LLC,0010y00001nR16aAAC,,2024-07-15
Rentals United,2024-08-29,PMSC,MorganReedGroup,VR_PM Morgan Reed Group,0010y00001f47h3AAA,,NEVER
Rentals United,2024-08-29,PMSC,MorzineImmobilier,NOT FOUND,NOT FOUND,,2019-02-25
BookingPal,N/A,PMSC,MountainResortPropertiesIncUSD,,,,
BookingPal,N/A,PMSC,MountainsideResortatStoweUSD,,,,
BookingPal,N/A,PMSC,MountainTimeVacationRentalsUSD,,,,
Rentals United,2024-08-29,PMSC,MtBakerLodgingInc,VR_PM Mt. Baker Lodging Inc.,0010y00001fbdPsAAI,,2024-09-30
Rentals United,2024-08-29,PMSC,MtLLivE,VR_PM MTL LIVE,0010y00001d8xwxAAA,,2020-09-07
Rentals United,2024-08-29,PMSC,mycityapartments,NOT FOUND,NOT FOUND,,NEVER
Avantio,N/A,PMSC,MYCITYHOMESPAIN,,,,
Avantio,N/A,PMSC,MyGardaHoliday,,,,
BookingPal,N/A,PMSC,MyHomeInTahitiEUR,,,,
Magarental,N/A,PMSC,MyHomeSorrento,,,,
BookingPal,N/A,PMSC,MyHuatulcoVacationUSD,,,,
SuperControl,N/A,PMSC,MYRENTALHOMES6128,,,,
Rentals United,2024-08-29,PMSC,MyVacationHavenLLC,NOT FOUND,NOT FOUND,,2019-02-06
BookingPal,N/A,PMSC,MyVacationHavenUSD,,,,
Rentals United,2024-08-29,PMSC,NaplesFLVH,VR_PM Naples FL VH,0010y00001ZoMAeAAN,,2021-09-07
BookerTools,N/A,PMSC,Nautilus,,,,
Rentals United,2024-08-29,PMSC,NetLetProperties,VR_PM NetLet Properties,0010y00001mVkViAAK,,2020-07-20
SuperControl,N/A,PMSC,NORTHCOASTPROPERTYMA3814,,,,
Rentals United,2024-08-29,PMSC,NorthWalesHolidayCottages,VR_PM North Wales Holiday Cottages,0010y00001kzivWAAQ,,2020-09-25
BookingPal,N/A,PMSC,NoWorriesVacationRentalsUSD,,,,
BookingPal,N/A,PMSC,OBAVacationHomesUSD,,,,
Rentals United,2024-08-29,PMSC,OceanDeluxeLLC,VR_PM Ocean Deluxe LLC,0010y00001nj7S1AAI,,2020-09-02
BookingPal,N/A,PMSC,OceanSideUSD,,,,
BookingPal,N/A,PMSC,OfficeImmobilierDeLaPlangeEUR,,,,
Rentals United,2024-08-29,PMSC,OnefinestayEUR,VR_PM OneFineStay,0010y00001aGBRFAA4,,2020-03-12
Rentals United,2024-08-29,PMSC,OnefinestayGBP,VR_PM OneFineStay,0010y00001aGBRFAA4,,2025-02-11
Rentals United,2024-08-29,PMSC,OnefinestayUSD,VR_PM OneFineStay,0010y00001aGBRFAA4,,2024-07-09
BookingPal,N/A,PMSC,OneVacationHomeInc,,,,
Rentals United,2024-08-29,PMSC,OptinestHoldingsPtyLtd,VR_PM Optinest Holdings Pty Ltd,0010y00001cHtEwAAK,,2020-08-03
Rentals United,2024-08-29,PMSC,OrangeRoofs,VRPM Orange Roofs,0010y00001aqp3kAAA,,2018-11-19
SuperControl,N/A,PMSC,ORIONHOLIDAYS2941,,,,
SuperControl,N/A,PMSC,Orroland,,,,
Avantio,N/A,PMSC,OwlBooking,,,,
vacayhomesentinel,N/A,PMSC,PadreGetawaysLLC,,,,
BookingPal,N/A,PMSC,PalmBeachVacationRentalsUSD,,,,
BookingPal,N/A,PMSC,PALMETTOVACATIONRENTALSLLCkeylevelUSD,,,,
Rentals United,2024-08-29,PMSC,PalmettoVacations,VR_PM Palmetto Vacations,0010y00001a3pKzAAI,,2024-02-22
Rentals United,2024-08-29,PMSC,Pama,VR_PM Pama Properties,0010y00001a4dJWAAY,,2019-03-12
BookingPal,N/A,PMSC,ParagonLodgingUSD,,,,
Rentals United,2024-08-29,PMSC,ParishPropertyManagementLLCDBARedamo,NOT FOUND,NOT FOUND,,NEVER
Rentals United,2024-08-29,PMSC,ParisianHome,VR_PM Parisian Home,0010y00001a3qgwAAA,,2020-03-04
Rentals United,2024-08-29,PMSC,ParsonsVillas,NOT FOUND,NOT FOUND,,NEVER
Rentals United,2024-08-29,PMSC,PassTheKeysGBP,VR_PM Pass The Keys,0010y00001apFauAAE,,2022-02-04
Rentals United,2024-08-29,PMSC,PembrokeshirePropertyManagementLtd,VR_PM Pembrokeshire Property Management Ltd,0010y00001ixKKGAA2,,2025-02-27
Magarental,N/A,PMSC,PerlediPuglia,,,,
Rentals United,2024-08-29,PMSC,PetraLuxuryProperties,VR_PM Petra Luxury Properties,NOT FOUND,,2020-02-04
Avantio,N/A,PMSC,PferdaufWolke,,,,
Rentals United,2024-08-29,PMSC,PickThePlace,VR_PM PickThePlace,0010y00001ix0KzAAI,,2024-12-17
BookingPal,N/A,PMSC,PioneerRidgeUSD,,,,
Avantio,N/A,PMSC,PlanetCostaDorada,,,,
BookingPal,N/A,PMSC,PLAYAMOMENTSUSD,,,,
Rentals United,2024-08-29,PMSC,PlumGuide,VR_PM Plum Guide,0010y00001lT129AAC,,2021-07-28
Rentals United,2024-08-29,PMSC,PMBO,VR_PM PMBO,0010y00001ix1wUAAQ,,2020-11-26
SuperControl,N/A,PMSC,PORTSCATHOHOLIDAYS5909,,,,
BookingPal,N/A,PMSC,PremierResortPropertiesUSD,,,,
Avantio,N/A,PMSC,PrimeStayVacationHomesRental,,,,
Rentals United,2024-08-29,PMSC,PureservicedLtd,VR_PM Pureserviced Ltd,0010y00001iSaGvAAK,,2025-03-26
Rentals United,2024-08-29,PMSC,QualityCottages,VR_PM Quality cottages,0010y00001dkEXtAAM,,NEVER
SuperControl,N/A,PMSC,QUAYHOLIDAYSLLP20439,,,,
Rentals United,2024-08-29,PMSC,QuickRealtyLTD,VR_PM Quick Realty LTD,0010y00001ioPHHAA2,,2018-11-16
Rentals United,2024-08-29,PMSC,QuickStay,VR_PM QuickStay,0010y00001iSuy8AAC,,2019-12-19
Rentals United,2024-08-29,PMSC,RabbuInc,VR_PM Rabbu Inc,0010y00001kHFpOAAW,,2020-02-14
Rentals United,2024-08-29,PMSC,RafleysCostadelSol,VR_PM Rafleys Costa del Sol,0010y00001Y9gCuAAJ,,2020-03-12
Rentals United,2024-08-29,PMSC,RaineHorneMollymookMilton,VR_PM DALE & SONS PASTORAL PTY. LIMITED (Raine & Horne Mollymook/Milton),0010y00001f4SI6AAM,,2019-07-31
Rentals United,2024-08-29,PMSC,RaywhiteNormanville,VR_PM Raywhite Normanville,0010y00001bdo9EAAQ,,2021-05-25
Rentals United,2024-08-29,PMSC,RDAglobal,NOT FOUND,NOT FOUND,,2019-10-01
Avantio,N/A,PMSC,RebomaHolidaysApartments,,,,
BookingPal,N/A,PMSC,REMAXKauaiUSD,,,,
Magarental,N/A,PMSC,rentalinrome,,,,
Rentals United,2024-08-29,PMSC,RENTALLAKECOMOSRL,VR_PM Rental Lake Como,0010y00001c3MXvAAM,,2025-03-18
Rentals United,2024-08-29,PMSC,RentalManagerLLC,VR_PM Rental Manager LLC,0010y00001oBusHAAS,,2023-11-26
SuperControl,N/A,PMSC,RENTANIRISHCOTTAGE20139,,,,
Avantio,N/A,PMSC,Rentopolis,,,,
Rentals United,2024-08-29,PMSC,ResortHomeNetwork,VR_PM Resort Home Network,0010y00001cxC1VAAU,,2022-05-09
BookingPal,N/A,PMSC,ResortPropertiesVacationsUSD,,,,
BookingPal,N/A,PMSC,ResortRentalsUSD,,,,
Rentals United,2024-08-29,PMSC,Rexidence,VR_PM Rexidence Residential,0010y00001aY1A7AAK,,2019-01-24
BookingPal,N/A,PMSC,RJVEmeraldCoastRetreatsUSD,,,,
BookingPal,N/A,PMSC,RJVEmeraldCoastVacationRentalsUSD,,,,
BookingPal,N/A,PMSC,RJVGreatOceanCondosUSD,,,,
BookingPal,N/A,PMSC,RJVLuxuryCoastalVRUSD,,,,
BookingPal,N/A,PMSC,RJVPensacolaBeachPropertiesUSD,,,,
BookingPal,N/A,PMSC,RJVRealjoyVacationsUSD,,,,
BookingPal,N/A,PMSC,RJVSunPalaceVacationsUSD,,,,
BookingPal,N/A,PMSC,RJVVacationHomesCollectionUSD,,,,
Avantio,N/A,PMSC,RockRentals,,,,
BookingPal,N/A,PMSC,RockyMountainResortManagement,VR_PM ROCKY MOUNTAIN RESORT MANAGEMENT,0010y00001a3pcJAAQ,,
BookingPal,N/A,PMSC,RomeLoftEUR,,,,
Rentals United,2024-08-29,PMSC,romesweethome,NOT FOUND,NOT FOUND,,2019-05-20
Rentals United,2024-08-29,PMSC,RoomBubble,VR_PM Room Bubble,0010y00001eZiLyAAK,,2019-11-21
BookingPal,N/A,PMSC,RRBigBearUSD,,,,
Rentals United,2024-08-29,PMSC,Saferent,VR_PM Saferent,0010y00001bJEuKAAW,,2025-03-29
Rentals United,2024-08-29,PMSC,Salcolacumbre,VR_PM Salco la Cumbre,0010y00001dXnJZAA0,,2019-09-17
BookingPal,N/A,PMSC,SaltWaterVacationsUSD,,,,
Rentals United,2024-08-29,PMSC,SamsonWaters,VR_PM Samson Waters,0010y00001YAofRAAT,,2022-08-15
BookingPal,N/A,PMSC,SantiExpertimmoCorseEUR,,,,
Avantio,N/A,PMSC,SASTravelLimited,,,,
Avantio,N/A,PMSC,SASULocationLacAnnecy,,,,
BookingSync,2023-11-03,PMSC,SasVaneauCoteDAzurEUR,VR_PM Vaneau Cote d'Azur,0010y00001aJUnaAAG,,NEVER
BookingSync,2023-11-03,PMSC,ScoastLLC,VR_PM Scoast LLC - Out of business,0010y00001lT937AAC,,2022-09-12
Rentals United,2024-08-29,PMSC,SeaBreezeVacationLLC,VR_PM SeaBreeze Vacation LLC,0010y00001hznGlAAI,,2020-06-08
BookingPal,N/A,PMSC,SeacoveHomeownersMasterAssocInc,,,,
Rentals United,2024-08-29,PMSC,SeaglassVillageCottages,NOT FOUND,NOT FOUND,,2019-03-06
EQCStays,N/A,PMSC,SEAZONE,,,,
Avantio,N/A,PMSC,SelectedRentals,,,,
Rentals United,2024-08-29,PMSC,SelectHomesLLCdbaBestBeachGetaways,VR_PM Select Homes LLC dba Best Beach Getaways,0010y00001iyQalAAE,,2022-04-18
Rentals United,2024-08-29,PMSC,SemesterBostaden,VR_PM Semester Bostaden,0010y00001dwH8OAAU,,2019-08-20
Avantio,N/A,PMSC,shortletlondon,,,,
Rentals United,2024-08-29,PMSC,SICBManagement,VR_PM Happy Palm Stays,0010y00001a3osOAAQ,,2024-04-24
Rentals United,2024-08-29,PMSC,Sinbad,NOT FOUND,NOT FOUND,,2018-09-04
Rentals United,2024-08-29,PMSC,SinbadCuba,NOT FOUND,NOT FOUND,,NEVER
Rentals United,2024-08-29,PMSC,SinbadMX,NOT FOUND,NOT FOUND,,2018-06-12
BeeRent,N/A,PMSC,Sirene,,,,
BookingPal,N/A,PMSC,SkiColoradoVacationRentals,,,,
BookingPal,N/A,PMSC,SleepawaysEUR,,,,
SuperControl,N/A,PMSC,SMARTHOMERENTALSLTD369,,,,
BookingSync,2023-11-03,PMSC,SmartrentingOther,VR_PM Smartrenting,0010y00001aWfGDAA0,,2020-11-12
BookingSync,2023-11-03,PMSC,SmartrentingParis,VR_PM Smartrenting,0010y00001aWfGDAA0,,2020-11-05
BookingPal,N/A,PMSC,SmokyCabinsUSD,,,,
Avantio,N/A,PMSC,Snale,,,,
BookingPal,N/A,PMSC,SnowshoeRealEstateUSD,,,,
BookingPal,N/A,PMSC,SogestourEUR,,,,
Rentals United,2024-08-29,PMSC,SolmarVillasII,VR_PM Solmar Villas II,0010y00001dVj98AAC,,2025-03-19
Avantio,N/A,PMSC,Sorrento4Home,,,,
BookingPal,N/A,PMSC,SouthernBelle,,,,
Avantio,N/A,PMSC,SpainSunRentals,,,,
Avantio,N/A,PMSC,SSVSÃ¼doldenburgerServiceundVerwaltungsGm,,,,
Avantio,N/A,PMSC,Star5PropertyLLC,,,,
BookingPal,N/A,PMSC,StayCoastalVacationsUSD,,,,
Rentals United,2024-08-29,PMSC,StayDomio,"Domio, Inc. (Stay Domio)",0010y00001rlmxFAAQ,,2020-02-26
Rentals United,2024-08-29,PMSC,stayduvet,NOT FOUND,NOT FOUND,,NEVER
Rentals United,2024-08-29,PMSC,staygia,NOT FOUND,NOT FOUND,,2019-02-08
Avantio,N/A,PMSC,StayInRomeApartments,,,,
BookingPal,N/A,PMSC,StayInTamarindoUSD,,,,
BookingPal,N/A,PMSC,StayLakeNorman,,,,
BookingPal,N/A,PMSC,StayMarquisUSD,,,,
Rentals United,2024-08-29,PMSC,StayUnique,VR_PM Stay U-nique,0010y00001hrEFeAAM,,2025-02-27
Rentals United,2024-08-29,PMSC,StayWithDaveInc,VR_PM StayWithDave Inc,0010y00001lTklDAAS,,2022-03-05
Rentals United,2024-08-29,PMSC,StayWithEase,NOT FOUND,NOT FOUND,,2018-11-15
Rentals United,2024-08-29,PMSC,STRPropertiesInc,NOT FOUND,NOT FOUND,,2019-03-27
SuperControl,N/A,PMSC,SuffolkHideaways,,,,
BookingPal,N/A,PMSC,SugarSkiCountryClubHomeownersUSD,,,,
Rentals United,2024-08-29,PMSC,SummitCountyMountainRetreats,VR_PM Summit County Mountain Retreats,0011A00001RAOfxQAH,,2025-03-24
Rentals United,2024-08-29,PMSC,SummitMountainProperties,VR_PM Summit Mountain Properties,0010y00001ji0svAAA,,NEVER
Avantio,N/A,PMSC,SunAlgarveEUR,,,,
Rentals United,2024-08-29,PMSC,SUNCABOVACATIONS,VR_PM Sun Cabo Vacations,0010y00001kxWnUAAU,,2020-03-23
Rentals United,2024-08-29,PMSC,SunParadiseVacationRentalLLC,VR_PM Sun Paradise Vacation Rental LLC,0010y00001kwZQcAAM,,2020-10-29
BookingSync,2023-11-03,PMSC,SwainsonApartments,VR_PM Swainson Apartments,0010y00001gGjjxAAC,,NEVER
SuperControl,N/A,PMSC,SYKES13012,,,,
BookingPal,N/A,PMSC,TahoeNorthRentalsUSD,,,,
BookingPal,N/A,PMSC,TahoeSignaturePropertiesUSD,,,,
Avantio,N/A,PMSC,TALLINNCITYAPARTMENTSOU,,,,
BookingPal,N/A,PMSC,TaraVacationRentalsUSD,,,,
BookingPal,N/A,PMSC,TealDoorHostingUSD,,,,
BookingPal,N/A,PMSC,TechTravelLLCUSD,,,,
BookingPal,N/A,PMSC,tellurideresortlodgingUSD,,,,
SuperControl,N/A,PMSC,TEN80HOLIDAYS11194,,,,
Rentals United,2024-08-29,PMSC,tentrr,NOT FOUND,NOT FOUND,Not found for CORE OTA only for Vrbo,2019-02-25
BookingPal,N/A,PMSC,TestDummyProfile,,,,
Rentals United,2024-08-29,PMSC,ThalassaConsulting,VR_PM Stay Flok (formerly Thalassa Consulting),0010y00001fSf7NAAS,,2021-12-20
SuperControl,N/A,PMSC,THEAMBERLEYHOUSECOTT387,,,,
Rentals United,2024-08-29,PMSC,TheMarcopoloCollectioon,VR_PM The Marco Polo Collection,0010y00001jqN2oAAE,,2024-11-14
Rentals United,2024-08-29,PMSC,TheMarucaGroup,NOT FOUND,NOT FOUND,,2019-04-29
SuperControl,N/A,PMSC,THEREDHOUSECOMPANYDI5010,,,,
Rentals United,2024-08-29,PMSC,theredwoods,NOT FOUND,NOT FOUND,,2019-05-30
Rentals United,2024-08-29,PMSC,TheTrusteeforLoisBuckettUnitTrust,VR_PM The Trustee for Lois Buckett Unit Trust (Lois Buckett Investments Pty Ltd)  (INACTIVE),0010y00001gZM46AAG,,2019-10-14
SuperControl,N/A,PMSC,THEUKGREATTRAVELCOMP13462,,,,
Rentals United,2024-08-29,PMSC,TheVacationCompanyInc,VR_PM The Vacation Company Inc,0010y00001oAA2NAAW,,2022-09-21
Rentals United,2024-08-29,PMSC,ThisIsKalkan,VR_PM This Is Kalkan,0010y00001iyD2dAAE,,2020-01-20
BookingPal,N/A,PMSC,TKGIncUSD,,,,
BeeRent,N/A,PMSC,TravelHorizont,,,,
BookingSync,2023-11-03,PMSC,TRAVELTOMADEIRA,VR_PM Travel To Madeira,0010y00001a3pGuAAI,,2024-06-06
Avantio,N/A,PMSC,TridentHolidayHomes,,,,
Rentals United,2024-08-29,PMSC,TriesteVillas,VR_PM TriesteVillas,0010y00001ZA3IyAAL,,2019-11-29
Rentals United,2024-08-29,PMSC,TripKay,VR_PM Tripkay,0010y00001YBPvpAAH,,2021-11-24
Rentals United,2024-08-29,PMSC,TriumphMountain,NOT FOUND,NOT FOUND,,NEVER
BookingPal,N/A,PMSC,TropicalXscapeIncUSD,,,,
Rentals United,2024-08-29,PMSC,UNAMHolidayLetting,VR_PM UNAM Holiday Letting,0010y00001fcnc7AAA,,2019-10-22
Rentals United,2024-08-29,PMSC,UnderTheDoormat,VR_PM Under The Doormat,0010y00001arE0vAAE,,2024-10-17
Rentals United,2024-08-29,PMSC,UrbanFlatNorthAmerica,VR_PM Urban Flat  North America,0010y00001d85gtAAA,,2019-11-05
Rentals United,2024-08-29,PMSC,UrbanGuest,NOT FOUND,NOT FOUND,"According to conf page this should be the company name : ""10391751 CANADA LTD."" but was not found in SF",2019-09-03
Rentals United,2024-08-29,PMSC,Urbeebee,VR_PM Roomerzz,0010y00001c0yhGAAQ,,2020-03-04
Rentals United,2024-08-29,PMSC,UrHomeInPhilly,VR_PM UrHomeInPhilly,0010y00001kyiycAAA,,2024-04-27
BookingPal,N/A,PMSC,VacasaUSD,,,,
Rentals United,2024-08-29,PMSC,VacationHouseAmericaLLC,VR_PM Vacation House America LLC,0010y00001i0u5fAAA,,2022-04-15
BookingPal,N/A,PMSC,VacationLivingLLCLAUSD,,,,
BookingPal,N/A,PMSC,VailInternationalManagementUSD,,,,
BookingPal,N/A,PMSC,VailManagementCompany,,,,
BookingPal,N/A,PMSC,ValloireReservationEUR,,,,
Rentals United,2024-08-29,PMSC,VectorTravelUSD,VR_PM Vector Travel,0010y00001a1q4XAAQ,,2023-06-02
Rentals United,2024-08-29,PMSC,Veeve,VR_PM Veeve,0010y00001a3pJXAAY,,2020-03-03
Rentals United,2024-08-29,PMSC,VHCHospitalityLLC,VR_PM VHC Hospitality LLC,0010y00001a3pJoAAI,,2023-02-07
Rentals United,2024-08-29,PMSC,ViennaResidence,NOT FOUND,NOT FOUND,,2018-07-02
Avantio,N/A,PMSC,ViewsonVeniceEuro,,,,
Avantio,N/A,PMSC,VilamanIKE,,,,
BookingSync,2023-11-03,PMSC,VillaBaliManagement,VR_PM Villa Bali Management,0010y00001q8xqLAAQ,,2024-10-14
Avantio,N/A,PMSC,VillaConsulting,,,,
Rentals United,2024-08-29,PMSC,Villafinca,VR_PM Villafinca,0010y00001XuGHQAA3,,2025-03-10
Rentals United,2024-08-29,PMSC,VillaforYouBV,VR_PM Villa for You B.V.,0010y00001nkdngAAA,,2021-01-21
BookingPal,N/A,PMSC,VillagePropertiesatSunriver,,,,
Rentals United,2024-08-29,PMSC,VillaGranCanaria,NOT FOUND,NOT FOUND,Not found for CORE OTA only for Vrbo,2021-11-17
Rentals United,2024-08-29,PMSC,VillaKey,VR_PM VillaKey,0010y00001a1q5fAAA,,2024-12-17
Avantio,N/A,PMSC,VillasGuzman,,,,
Avantio,N/A,PMSC,VillasNowLtd,,,,
BookingPal,N/A,PMSC,VIPVillaUSD,,,,
EQCAdriagate (TravelSoft),N/A,PMSC,VR_PM_Istria_Home,,,,
BookingPal,N/A,PMSC,VRPMAuvergneLocationEUR,,,,
Avantio,N/A,PMSC,VRPMHAPPYFEWPROPERTIES,,,,
Rentals United,2024-08-29,PMSC,vrsantabarbara,NOT FOUND,NOT FOUND,,2019-02-20
Rentals United,2024-08-29,PMSC,VTrips-CarolinaRetreats,VR_PM VTrips - Carolina Retreats,0018b00002jkPsfAAE,,NEVER
Rentals United,2024-08-29,PMSC,VTrips-Southern,VR_PM VTrips - Southern Vacation Rentals,0010y00001ZnB3IAAV,,2025-03-26
Rentals United,2024-08-29,PMSC,VTrips-TaylorMade,VR_PM VTrips - Taylor-Made Deep Creek Vacations,0018b00001wAhokAAC,,NEVER
Rentals United,2024-08-29,PMSC,VTrips-Tybee,VR_PM VTrips - Tybee Vacation Rentals,0018b000024PKKtAAO,,NEVER
Rentals United,2024-08-29,PMSC,VTrips-VacationRentalPros,VR_PM VTrips - Vacation Rental Pros Property Management LLC,0010y00001lTwwTAAS,,NEVER
Rentals United,2024-08-29,PMSC,WanderJaunt,NOT FOUND,NOT FOUND,"Sf ownership account not found, according to confluence, they went out of business in June 30th, 2022",NEVER
Rentals United,2024-08-29,PMSC,WaterfrontHolidayHousesPtyLtd,VR_PM Waterfront Holiday Houses Pty Ltd (INACTIVE),0010y00001fe6GpAAI,,2020-03-30
Avantio,N/A,PMSC,Welkhome,,,,
Avantio,N/A,PMSC,WengenApartments,,,,
Rentals United,2024-08-29,PMSC,WeRentRentals,VR_PM Dwell,0010y00001emxt5AAA,Spencer Udell changed the account name but never informed us,2025-03-28
BookingPal,N/A,PMSC,WestLakePropertiesUSD,,,,
BookingPal,N/A,PMSC,WhistlerBreaksCAD,,,,
BookingPal,N/A,PMSC,WildDunes,,,,
BookingPal,N/A,PMSC,WildernessPresidentalUSD,,,,
Rentals United,2024-08-29,PMSC,Winwinnkeeper,VR_PM WinwinnKeeper,0010y00001ZNXOcAAP,,2019-09-25
Rentals United,2024-08-29,PMSC,WynwoodHouse,VR_PM Wynwood House,0010y00001kxTxVAAU,,2020-02-10
BookingSync,2023-11-03,PMSC,XuruStays,VR_PM Xuru Stays,0010y00001iSPukAAG,,2025-03-23
Rentals United,2024-08-29,PMSC,YMAccommodation,VR_PM YM Accommodation,0010y00001ZAPj0AAH,,2019-12-02
BookingPal,N/A,PMSC,YoungsSuncoastVacationRentals,,,,
Avantio,N/A,PMSC,ZadarVilla,,,,
Avantio,N/A,PMSC,Zapinvest,,,,
BookingPal,N/A,PMSC,ZencityUSD,,,,
Rentals United,2024-08-29,PMSC,ZincNoosaRealEstatePtyLtd,VR_PM Zinc Noosa Real Estate Pty Ltd,0010y00001YAqwBAAT,,2020-07-30
BookingSync,2023-11-03,PMSC,Ziprent,VR_PM Ziprent,0010y00001lTXEQAA4,,2024-09-25
Rentals United,2024-08-29,PMSC,ZonaMultifamilyLLC,VR_PM Zona Multifamily LLC,0010y00001oYUJlAAO,,NEVER
RedAwning,2023-08-28,PMIS,,VR_PM RedAwning,0010y00001a4Y9fAAE,,
TravelStaytion,2024-10-03,PMIS,,VR_PM Travelstaytion,0010y00001jCXR1AAO,,
Travelnest,2024-11-05,PMIS,,VR_PM Travelnest,0010y00001YBpPQAA1,,
Your Rentals,2025-01-28,PMIS,,VR_PM your.rentals,0010y00001fehB7AAI,,
Belvilla,N/A,PMIS,,,,,
EQCHosteeva,N/A,PMIS,,,,,
EQCVacasa,N/A,PMIS,,,,,
HappyHolidayHomes,N/A,PMIS,,VR_PM HAPPY RENTALS (aka Happy Holiday Homes),0010y00001h1jClAAI,,
Sonder,N/A,PMIS,,VR_PM Sonder,0010y00001aBaLWAA0,,
vacayhomesentinel,N/A,PMIS,,VR_PM VacayHome Connect (PMIS EIDs),0018b00001weZLCAA2,,
